,구분,회사명,특약명,가입조건,판매채널,적용담보(자동차상해 및담보별 확장특약 포함기준),할인율(%)ascdesc
0,자녀할인,메리츠화재,자녀(만7세이하) 할인 특별약관,▶ 다음의 조건 모두 해당하는 경우에 한하여 가입 가능① 자녀(태아) 연령조건 : 태아 ~ 만7세② 운전자범위/연령한정 한정특약 조건 : 부부/기명 1인 한정운전 특별약관 가입,대면/TM/CM/PM,대인1/대인2/대물/자손/무보험/자차,7
1,자녀할인,한화손보,자녀할인 특별약관,"▶ 다음의 조건 모두 해당하는 경우에 한하여 가입 가능① 자녀(태아) 연령조건 : 태아② 운전자범위/연령한정 한정특약 조건 : 부부한정,1인한정③ 다자녀(2명이상)조건 : 대상","대면, TM","대인1, 대인2, 대물, 자손, 무보험차상해, 자차",24.4
2,자녀할인,한화손보,자녀할인 특별약관,"▶ 다음의 조건 모두 해당하는 경우에 한하여 가입 가능① 자녀(태아) 연령조건 : 태아② 운전자범위/연령한정 한정특약 조건 : 부부한정,1인한정③ 다자녀(2명이상)조건 : 미대상","대면, TM","대인1, 대인2, 대물, 자손, 무보험차상해, 자차",20.1
3,자녀할인,한화손보,자녀할인 특별약관,"▶ 다음의 조건 모두 해당하는 경우에 한하여 가입 가능① 자녀(태아) 연령조건 : 만0세② 운전자범위/연령한정 한정특약 조건 : 부부한정,1인한정③ 다자녀(2명이상)조건 : 대상","대면, TM","대인1, 대인2, 대물, 자손, 무보험차상해, 자차",20.6
4,자녀할인,한화손보,자녀할인 특별약관,"▶ 다음의 조건 모두 해당하는 경우에 한하여 가입 가능① 자녀(태아) 연령조건 : 만0세② 운전자범위/연령한정 한정특약 조건 : 부부한정,1인한정③ 다자녀(2명이상)조건 : 미대상","대면, TM","대인1, 대인2, 대물, 자손, 무보험차상해, 자차",16.1
5,자녀할인,한화손보,자녀할인 특별약관,"▶ 다음의 조건 모두 해당하는 경우에 한하여 가입 가능① 자녀(태아) 연령조건 : 만1세~만4세② 운전자범위/연령한정 한정특약 조건 : 부부한정,1인한정③ 다자녀(2명이상)조건 : 대상","대면, TM","대인1, 대인2, 대물, 자손, 무보험차상해, 자차",12
6,자녀할인,한화손보,자녀할인 특별약관,"▶ 다음의 조건 모두 해당하는 경우에 한하여 가입 가능① 자녀(태아) 연령조건 : 만1세~만4세② 운전자범위/연령한정 한정특약 조건 : 부부한정,1인한정③ 다자녀(2명이상)조건 : 미대상","대면, TM","대인1, 대인2, 대물, 자손, 무보험차상해, 자차",7
7,자녀할인,한화손보,자녀할인 특별약관,"▶ 다음의 조건 모두 해당하는 경우에 한하여 가입 가능① 자녀(태아) 연령조건 : 만5세~만10세② 운전자범위/연령한정 한정특약 조건 : 부부한정,1인한정","대면, TM","대인1, 대인2, 대물, 자손, 무보험차상해, 자차",8
8,자녀할인,한화손보,자녀할인 특별약관,"▶ 다음의 조건 모두 해당하는 경우에 한하여 가입 가능① 자녀(태아) 연령조건 : 태아~만1세② 운전자범위/연령한정 한정특약 조건 : 부부한정,1인한정 외 운전자한정특약","대면, TM","대인1, 대인2, 대물, 자손, 무보험차상해, 자차",4
9,자녀할인,롯데손보,자녀할인특별약관,▶ 다음의 조건 모두 해당하는 경우에 한하여 가입 가능① 자녀가 태아인 경우② 부부한정 또는 1인한정 가입,대면/TM/CM/PM,대인1/대인2/대물/자손/무보험/자차,10
10,자녀할인,롯데손보,자녀할인특별약관,▶ 다음의 조건 모두 해당하는 경우에 한하여 가입 가능① 자녀가 만 0~7세인 경우② 부부한정 또는 1인한정 가입,대면/TM/CM/PM,대인1/대인2/대물/자손/무보험/자차,5
11,자녀할인,MG손보,자녀(만9세 이하)할인 특별약관,▶ 다음의 조건 모두 해당하는 경우에 한하여 가입 가능① 자녀(태아) 연령 : 기명피보험자에게 만9세 이하(태아 포함) 자녀가 있는 경우② 운전가능범위 : 부부/기명1인 한정운전 특별약관에 가입한 경우,대면/TM/CM,대인1/대인2/대물/자손/무보험/자차,5
12,자녀할인,흥국화재,자녀할인 특별약관,▶ 다음의 조건 모두 해당하는 경우에 한하여 가입 가능① 태아 : 기명피보험자가 태아 임신을 증명할 수 있는 경우② 운전가능범위 : 부부/기명1인 한정운전 특별약관에 가입한 경우③ 다자녀 여부 : 미대상,대면/TM/CM/PM,대인1/대인2/대물/자손/무보험/자차,10.4
13,자녀할인,흥국화재,자녀할인 특별약관,▶ 다음의 조건 모두 해당하는 경우에 한하여 가입 가능① 자녀 연령 : 기명피보험자에게 만 0세 자녀가 있는 경우② 운전가능범위 : 부부/기명1인 한정운전 특별약관에 가입한 경우③ 다자녀 여부 : 미대상,대면/TM/CM/PM,대인1/대인2/대물/자손/무보험/자차,9.4
14,자녀할인,흥국화재,자녀할인 특별약관,▶ 다음의 조건 모두 해당하는 경우에 한하여 가입 가능① 자녀 연령 : 기명피보험자에게 만 1세 이상 5세 이하 자녀가 있는 경우② 운전가능범위 : 부부/기명1인 한정운전 특별약관에 가입한 경우③ 다자녀 여부 : 미대상,대면/TM/CM/PM,대인1/대인2/대물/자손/무보험/자차,7.8
15,자녀할인,흥국화재,자녀할인 특별약관,▶ 다음의 조건 모두 해당하는 경우에 한하여 가입 가능① 자녀 연령 : 기명피보험자에게 만 6세 이상 12세 이하 자녀가 있는 경우② 운전가능범위 : 부부/기명1인 한정운전 특별약관에 가입한 경우③ 다자녀 여부 : 미대상,대면/TM/CM/PM,대인1/대인2/대물/자손/무보험/자차,6.8
16,자녀할인,흥국화재,자녀할인 특별약관,▶ 다음의 조건 모두 해당하는 경우에 한하여 가입 가능① 태아 : 기명피보험자가 태아 임신을 증명할 수 있는 경우② 운전가능범위 : 부부/기명1인 한정운전 특별약관에 가입한 경우③ 다자녀 여부 : 대상,대면/TM/CM/PM,대인1/대인2/대물/자손/무보험/자차,14
17,자녀할인,흥국화재,자녀할인 특별약관,▶ 다음의 조건 모두 해당하는 경우에 한하여 가입 가능① 자녀 연령 : 기명피보험자에게 만 0세 자녀가 있는 경우② 운전가능범위 : 부부/기명1인 한정운전 특별약관에 가입한 경우③ 다자녀 여부 : 대상,대면/TM/CM/PM,대인1/대인2/대물/자손/무보험/자차,13
18,자녀할인,흥국화재,자녀할인 특별약관,▶ 다음의 조건 모두 해당하는 경우에 한하여 가입 가능① 자녀 연령 : 기명피보험자에게 만 1세 이상 5세 이하 자녀가 있는 경우② 운전가능범위 : 부부/기명1인 한정운전 특별약관에 가입한 경우③ 다자녀 여부 : 대상,대면/TM/CM/PM,대인1/대인2/대물/자손/무보험/자차,11.5
19,자녀할인,흥국화재,자녀할인 특별약관,▶ 다음의 조건 모두 해당하는 경우에 한하여 가입 가능① 자녀 연령 : 기명피보험자에게 만 6세 이상 12세 이하 자녀가 있는 경우② 운전가능범위 : 부부/기명1인 한정운전 특별약관에 가입한 경우③ 다자녀 여부 : 대상,대면/TM/CM/PM,대인1/대인2/대물/자손/무보험/자차,10.5
20,자녀할인,삼성화재,자녀사랑 할인 특별약관,"▶ 다음의 조건 모두 해당하는 경우에 한하여 가입 가능① 자녀(태아) 연령조건 : 태아② 운전자범위/연령한정 한정특약 조건 : 1인한정 또는 부부한정 가입하고,운전자연령 만49세/55세/60세/65세 이하 한정운전특약을 가입한 경우③ 기명피보험자 연령 만34세 이하","대면, TM, CM, 플랫폼","대인1, 대인2, 대물, 자손, 무보험, 자차",17.3
21,자녀할인,삼성화재,자녀사랑 할인 특별약관,"▶ 다음의 조건 모두 해당하는 경우에 한하여 가입 가능① 자녀(태아) 연령조건 : 태아② 운전자범위/연령한정 한정특약 조건 : 1인한정 또는 부부한정 가입하고,운전자연령 만49세/55세/60세/65세 이하 한정운전특약을 가입한 경우③ 기명피보험자 연령 만35세 이상","대면, TM, CM, 플랫폼","대인1, 대인2, 대물, 자손, 무보험, 자차",15.8
22,자녀할인,삼성화재,자녀사랑 할인 특별약관,"▶ 다음의 조건 모두 해당하는 경우에 한하여 가입 가능① 자녀(태아) 연령조건 : 만 0세② 운전자범위/연령한정 한정특약 조건 : 1인한정 또는 부부한정 가입하고,운전자연령 만49세/55세/60세/65세 이하 한정운전특약을 가입한 경우③ 기명피보험자 연령 만34세 이하","대면, TM, CM, 플랫폼","대인1, 대인2, 대물, 자손, 무보험, 자차",4.6
23,자녀할인,삼성화재,자녀사랑 할인 특별약관,"▶ 다음의 조건 모두 해당하는 경우에 한하여 가입 가능① 자녀(태아) 연령조건 : 만 0세② 운전자범위/연령한정 한정특약 조건 : 1인한정 또는 부부한정 가입하고,운전자연령 만49세/55세/60세/65세 이하 한정운전특약을 가입한 경우③ 기명피보험자 연령 만35세 이상","대면, TM, CM, 플랫폼","대인1, 대인2, 대물, 자손, 무보험, 자차",2.8
24,자녀할인,삼성화재,자녀사랑 할인 특별약관,"▶ 다음의 조건 모두 해당하는 경우에 한하여 가입 가능① 자녀(태아) 연령조건 : 만  1세 ~ 5세② 운전자범위/연령한정 한정특약 조건 : 1인한정 또는 부부한정 가입하고,운전자연령 만49세/55세/60세/65세 이하 한정운전특약을 가입한 경우③ 기명피보험자 연령 만34세 이하","대면, TM, CM, 플랫폼","대인1, 대인2, 대물, 자손, 무보험, 자차",3.6
25,자녀할인,삼성화재,자녀사랑 할인 특별약관,"▶ 다음의 조건 모두 해당하는 경우에 한하여 가입 가능① 자녀(태아) 연령조건 : 만  1세 ~ 5세② 운전자범위/연령한정 한정특약 조건 : 1인한정 또는 부부한정 가입하고,운전자연령 만49세/55세/60세/65세 이하 한정운전특약을 가입한 경우③ 기명피보험자 연령 만35세 이상","대면, TM, CM, 플랫폼","대인1, 대인2, 대물, 자손, 무보험, 자차",1.8
26,자녀할인,삼성화재,자녀사랑 할인 특별약관,"▶ 다음의 조건 모두 해당하는 경우에 한하여 가입 가능① 자녀(태아) 연령조건 : 만  6세~18세② 운전자범위/연령한정 한정특약 조건 : 1인한정 또는 부부한정 가입하고,운전자연령 만49세/55세/60세/65세 이하 한정운전특약을 가입한 경우③ 기명피보험자 연령 만34세 이하","대면, TM, CM, 플랫폼","대인1, 대인2, 대물, 자손, 무보험, 자차",3.6
27,자녀할인,삼성화재,자녀사랑 할인 특별약관,"▶ 다음의 조건 모두 해당하는 경우에 한하여 가입 가능① 자녀(태아) 연령조건 : 만  6세~18세② 운전자범위/연령한정 한정특약 조건 : 1인한정 또는 부부한정 가입하고,운전자연령 만49세/55세/60세/65세 이하 한정운전특약을 가입한 경우③ 기명피보험자 연령 만35세 이상","대면, TM, CM, 플랫폼","대인1, 대인2, 대물, 자손, 무보험, 자차",1.8
28,자녀할인,삼성화재,자녀사랑 할인 특별약관,"▶ 다음의 조건 모두 해당하는 경우에 한하여 가입 가능① 자녀(태아) 연령조건 : 태아② 운전자범위/연령한정 한정특약 조건 : 1인한정 또는 부부한정 가입하고,운전자연령 만49세/55세/60세/65세 이하 한정운전특약을 미가입한 경우③ 기명피보험자 연령 만34세 이하","대면, TM, CM, 플랫폼","대인1, 대인2, 대물, 자손, 무보험, 자차",21.3
29,자녀할인,삼성화재,자녀사랑 할인 특별약관,"▶ 다음의 조건 모두 해당하는 경우에 한하여 가입 가능① 자녀(태아) 연령조건 : 태아② 운전자범위/연령한정 한정특약 조건 : 1인한정 또는 부부한정 가입하고,운전자연령 만49세/55세/60세/65세 이하 한정운전특약을 미가입한 경우③ 기명피보험자 연령 만35세 이상","대면, TM, CM, 플랫폼","대인1, 대인2, 대물, 자손, 무보험, 자차",19.8
30,자녀할인,삼성화재,자녀사랑 할인 특별약관,"▶ 다음의 조건 모두 해당하는 경우에 한하여 가입 가능① 자녀(태아) 연령조건 : 만 0세② 운전자범위/연령한정 한정특약 조건 : 1인한정 또는 부부한정 가입하고,운전자연령 만49세/55세/60세/65세 이하 한정운전특약을 미가입한 경우③ 기명피보험자 연령 만34세 이하","대면, TM, CM, 플랫폼","대인1, 대인2, 대물, 자손, 무보험, 자차",14.4
31,자녀할인,삼성화재,자녀사랑 할인 특별약관,"▶ 다음의 조건 모두 해당하는 경우에 한하여 가입 가능① 자녀(태아) 연령조건 : 만 0세② 운전자범위/연령한정 한정특약 조건 : 1인한정 또는 부부한정 가입하고,운전자연령 만49세/55세/60세/65세 이하 한정운전특약을 미가입한 경우③ 기명피보험자 연령 만35세 이상","대면, TM, CM, 플랫폼","대인1, 대인2, 대물, 자손, 무보험, 자차",12.8
32,자녀할인,삼성화재,자녀사랑 할인 특별약관,"▶ 다음의 조건 모두 해당하는 경우에 한하여 가입 가능① 자녀(태아) 연령조건 : 만  1세 ~ 5세② 운전자범위/연령한정 한정특약 조건 : 1인한정 또는 부부한정 가입하고,운전자연령 만49세/55세/60세/65세 이하 한정운전특약을 미가입한 경우③ 기명피보험자 연령 만34세 이하","대면, TM, CM, 플랫폼","대인1, 대인2, 대물, 자손, 무보험, 자차",7.5
33,자녀할인,삼성화재,자녀사랑 할인 특별약관,"▶ 다음의 조건 모두 해당하는 경우에 한하여 가입 가능① 자녀(태아) 연령조건 : 만  1세 ~ 5세② 운전자범위/연령한정 한정특약 조건 : 1인한정 또는 부부한정 가입하고,운전자연령 만49세/55세/60세/65세 이하 한정운전특약을 미가입한 경우③ 기명피보험자 연령 만35세 이상","대면, TM, CM, 플랫폼","대인1, 대인2, 대물, 자손, 무보험, 자차",5.8
34,자녀할인,삼성화재,자녀사랑 할인 특별약관,"▶ 다음의 조건 모두 해당하는 경우에 한하여 가입 가능① 자녀(태아) 연령조건 : 만 6세~18세② 운전자범위/연령한정 한정특약 조건 : 1인한정 또는 부부한정 가입하고,운전자연령 만49세/55세/60세/65세 이하 한정운전특약을 미가입한 경우③ 기명피보험자 연령 만34세 이하","대면, TM, CM, 플랫폼","대인1, 대인2, 대물, 자손, 무보험, 자차",3.6
35,자녀할인,삼성화재,자녀사랑 할인 특별약관,"▶ 다음의 조건 모두 해당하는 경우에 한하여 가입 가능① 자녀(태아) 연령조건 : 만 6세~18세② 운전자범위/연령한정 한정특약 조건 : 1인한정 또는 부부한정 가입하고,운전자연령 만49세/55세/60세/65세 이하 한정운전특약을 미가입한 경우③ 기명피보험자 연령 만35세 이상","대면, TM, CM, 플랫폼","대인1, 대인2, 대물, 자손, 무보험, 자차",1.8
36,자녀할인,삼성화재,자녀사랑 할인 특별약관,▶ 다음의 조건 모두 해당하는 경우에 한하여 가입 가능① 자녀(태아) 연령조건 : 태아② 운전자범위 한정특약 조건 : 1인한정/부부한정 외 운전자한정특약③ 기명피보험자 연령 만34세 이하,"대면, TM, CM, 플랫폼","대인1, 대인2, 대물, 자손, 무보험, 자차",9.5
37,자녀할인,삼성화재,자녀사랑 할인 특별약관,▶ 다음의 조건 모두 해당하는 경우에 한하여 가입 가능① 자녀(태아) 연령조건 : 태아② 운전자범위 한정특약 조건 : 1인한정/부부한정 외 운전자한정특약③ 기명피보험자 연령 만35세 이상,"대면, TM, CM, 플랫폼","대인1, 대인2, 대물, 자손, 무보험, 자차",7.8
38,자녀할인,삼성화재,자녀사랑 할인 특별약관,▶ 다음의 조건 모두 해당하는 경우에 한하여 가입 가능① 자녀(태아) 연령조건 : 만 0세② 운전자범위 한정특약 조건 : 1인한정/부부한정 외 운전자한정특약③ 기명피보험자 연령 만34세 이하,"대면, TM, CM, 플랫폼","대인1, 대인2, 대물, 자손, 무보험, 자차",6.5
39,자녀할인,삼성화재,자녀사랑 할인 특별약관,▶ 다음의 조건 모두 해당하는 경우에 한하여 가입 가능① 자녀(태아) 연령조건 : 만 0세② 운전자범위 한정특약 조건 : 1인한정/부부한정 외 운전자한정특약③ 기명피보험자 연령 만35세 이상,"대면, TM, CM, 플랫폼","대인1, 대인2, 대물, 자손, 무보험, 자차",4.8
40,자녀할인,삼성화재,자녀사랑 할인 특별약관,▶ 다음의 조건 모두 해당하는 경우에 한하여 가입 가능① 자녀(태아) 연령조건 : 만  1세 ~ 5세② 운전자범위 한정특약 조건 : 1인한정/부부한정 외 운전자한정특약③ 기명피보험자 연령 만34세 이하,"대면, TM, CM, 플랫폼","대인1, 대인2, 대물, 자손, 무보험, 자차",3.6
41,자녀할인,삼성화재,자녀사랑 할인 특별약관,▶ 다음의 조건 모두 해당하는 경우에 한하여 가입 가능① 자녀(태아) 연령조건 : 만  1세 ~ 5세② 운전자범위 한정특약 조건 : 1인한정/부부한정 외 운전자한정특약③ 기명피보험자 연령 만35세 이상,"대면, TM, CM, 플랫폼","대인1, 대인2, 대물, 자손, 무보험, 자차",1.8
42,자녀할인,삼성화재,자녀사랑 할인 특별약관,▶ 다음의 조건 모두 해당하는 경우에 한하여 가입 가능① 자녀(태아) 연령조건 : 만  6세~18세② 운전자범위 한정특약 조건 : 1인한정/부부한정 외 운전자한정특약③ 기명피보험자 연령 만34세 이하,"대면, TM, CM, 플랫폼","대인1, 대인2, 대물, 자손, 무보험, 자차",2.6
43,자녀할인,삼성화재,자녀사랑 할인 특별약관,▶ 다음의 조건 모두 해당하는 경우에 한하여 가입 가능① 자녀(태아) 연령조건 : 만  6세~18세② 운전자범위 한정특약 조건 : 1인한정/부부한정 외 운전자한정특약③ 기명피보험자 연령 만35세 이상,"대면, TM, CM, 플랫폼","대인1, 대인2, 대물, 자손, 무보험, 자차",0.8
44,자녀할인,현대해상,효도하는 자녀(만12세이하) 할인 특별약관,▶ 다음의 조건 모두 해당하는 경우에 한하여 가입 가능① 자녀(태아) 연령 : 기명피보험자 또는 그 배우자가 태아를 임신한 경우② 운전가능범위 : 부부/기명1인 한정운전 특별약관에 가입한 경우,대면/TM/CM/플랫폼,대인1/대인2/대물/자손/무보험/자차,14
45,자녀할인,현대해상,효도하는 자녀(만12세이하) 할인 특별약관,▶ 다음의 조건 모두 해당하는 경우에 한하여 가입 가능① 자녀(태아) 연령 : 기명피보험자 또는 그 배우자가 태아를 임신한 경우② 운전가능범위 : 가족한정 또는 누구나인 경우,대면/TM/CM/플랫폼,대인1/대인2/대물/자손/무보험/자차,10
46,자녀할인,현대해상,효도하는 자녀(만12세이하) 할인 특별약관,▶ 다음의 조건 모두 해당하는 경우에 한하여 가입 가능① 자녀(태아) 연령 : 기명피보험자에게 만 0세 이하 자녀가 있는 경우② 운전가능범위 : 부부/기명1인 한정운전 특별약관에 가입한 경우,대면/TM/CM/플랫폼,대인1/대인2/대물/자손/무보험/자차,14
47,자녀할인,현대해상,효도하는 자녀(만12세이하) 할인 특별약관,▶ 다음의 조건 모두 해당하는 경우에 한하여 가입 가능① 자녀(태아) 연령 : 기명피보험자에게 만 0세 이하 자녀가 있는 경우② 운전가능범위 : 가족한정 또는 누구나인 경우,대면/TM/CM/플랫폼,대인1/대인2/대물/자손/무보험/자차,6
48,자녀할인,현대해상,효도하는 자녀(만12세이하) 할인 특별약관,▶ 다음의 조건 모두 해당하는 경우에 한하여 가입 가능① 자녀(태아) 연령 : 기명피보험자에게 만 6세 이하 자녀가 있는 경우② 운전가능범위 : 부부/기명1인 한정운전 특별약관에 가입한 경우,대면/TM/CM/플랫폼,대인1/대인2/대물/자손/무보험/자차,10
49,자녀할인,현대해상,효도하는 자녀(만12세이하) 할인 특별약관,▶ 다음의 조건 모두 해당하는 경우에 한하여 가입 가능① 자녀(태아) 연령 : 기명피보험자에게 만 6세 이하 자녀가 있는 경우② 운전가능범위 : 가족한정 또는 누구나인 경우,대면/TM/CM/플랫폼,대인1/대인2/대물/자손/무보험/자차,2
50,자녀할인,현대해상,효도하는 자녀(만12세이하) 할인 특별약관,▶ 다음의 조건 모두 해당하는 경우에 한하여 가입 가능① 자녀(태아) 연령 : 기명피보험자에게 만 9세 이하 자녀가 있는 경우② 운전가능범위 : 부부/기명1인 한정운전 특별약관에 가입한 경우,대면/TM/CM/플랫폼,대인1/대인2/대물/자손/무보험/자차,6
51,자녀할인,현대해상,효도하는 자녀(만12세이하) 할인 특별약관,▶ 다음의 조건 모두 해당하는 경우에 한하여 가입 가능① 자녀(태아) 연령 : 기명피보험자에게 만 9세 이하 자녀가 있는 경우② 운전가능범위 : 가족한정 또는 누구나인 경우,대면/TM/CM/플랫폼,대인1/대인2/대물/자손/무보험/자차,2
52,자녀할인,현대해상,효도하는 자녀(만12세이하) 할인 특별약관,▶ 다음의 조건 모두 해당하는 경우에 한하여 가입 가능① 자녀(태아) 연령 : 기명피보험자에게 만 12세 이하 자녀가 있는 경우② 운전가능범위 : 부부/기명1인 한정운전 특별약관에 가입한 경우,대면/TM/CM/플랫폼,대인1/대인2/대물/자손/무보험/자차,2
53,자녀할인,현대해상,효도하는 자녀(만12세이하) 할인 특별약관,▶ 다음의 조건 모두 해당하는 경우에 한하여 가입 가능① 자녀(태아) 연령 : 기명피보험자에게 만 12세 이하 자녀가 있는 경우② 운전가능범위 : 가족한정 또는 누구나인 경우,대면/TM/CM/플랫폼,대인1/대인2/대물/자손/무보험/자차,1
54,자녀할인,KB손보,자녀할인 특별약관,▶ 다음의 조건 모두 해당하는 경우에 한하여 가입 가능① 만 0세 자녀가 있거나 출산예정인 경우② 기명1인한정운전특약 또는 부부한정운전특약 가입시③ 자녀 수 2명 이상인 경우,대면/TM/CM/PM,대인1/대인2/대물/자손/무보험/자차,15.29
55,자녀할인,KB손보,자녀할인 특별약관,▶ 다음의 조건 모두 해당하는 경우에 한하여 가입 가능① 만 0세 자녀가 있거나 출산예정인 경우② 기명1인한정운전특약 또는 부부한정운전특약 가입시③ 자녀 수 1명인 경우,대면/TM/CM/PM,대인1/대인2/대물/자손/무보험/자차,13.74
56,자녀할인,KB손보,자녀할인 특별약관,▶ 다음의 조건 모두 해당하는 경우에 한하여 가입 가능① 만1세이상 만 6세 이하 자녀가 있는 경우② 기명1인한정운전특약 또는 부부한정운전특약 가입시③ 자녀 수 2명 이상인 경우,대면/TM/CM/PM,대인1/대인2/대물/자손/무보험/자차,9.38
57,자녀할인,KB손보,자녀할인 특별약관,▶ 다음의 조건 모두 해당하는 경우에 한하여 가입 가능① 만 1세 이상 만 6세이하 자녀가 있는 경우② 기명1인한정운전특약 또는 부부한정운전특약 가입시③ 자녀 수 1명인 경우,대면/TM/CM/PM,대인1/대인2/대물/자손/무보험/자차,7.72
58,자녀할인,KB손보,자녀할인 특별약관,▶ 다음의 조건 모두 해당하는 경우에 한하여 가입 가능① 만 0세 자녀가 있거나 출산예정인 경우② 기명1인한정운전특약과 부부한정운전특약 이외 특약 가입 시③ 자녀 수 2명 이상인 경우,대면/TM/CM/PM,대인1/대인2/대물/자손/무보험/자차,7.41
59,자녀할인,KB손보,자녀할인 특별약관,▶ 다음의 조건 모두 해당하는 경우에 한하여 가입 가능① 만 0세 자녀가 있거나 출산예정인 경우② 기명1인한정운전특약과 부부한정운전특약 이외 특약 가입 시③ 자녀 수 1명인 경우,대면/TM/CM/PM,대인1/대인2/대물/자손/무보험/자차,5.72
60,자녀할인,KB손보,자녀할인 특별약관,▶ 다음의 조건 모두 해당하는 경우에 한하여 가입 가능① 만7세이상 만 9세 이하 자녀가 있는 경우② 기명1인한정운전특약 또는 부부한정운전특약 특약 가입 시③ 자녀 수 2명 이상인 경우,대면/TM/CM/PM,대인1/대인2/대물/자손/무보험/자차,5.44
61,자녀할인,KB손보,자녀할인 특별약관,▶ 다음의 조건 모두 해당하는 경우에 한하여 가입 가능① 만7세이상 만 9세 이하 자녀가 있는 경우② 기명1인한정운전특약 또는 부부한정운전특약 특약 가입 시③ 자녀 수 1명인 경우,,,3.71
62,자녀할인,KB손보,자녀할인 특별약관,▶ 다음의 조건 모두 해당하는 경우에 한하여 가입 가능① 만10세이상 만 13세 이하 자녀가 있는 경우② 기명1인한정운전특약 또는 부부한정운전특약 가입 시③ 자녀 수 2명 이상인 경우,,,3.47
63,자녀할인,KB손보,자녀할인 특별약관,▶ 다음의 조건 모두 해당하는 경우에 한하여 가입 가능① 만1세이상 만 13세 이하 자녀가 있는 경우② 기명1인한정운전특약과 부부한정운전특약 이외 특약 가입 시③ 자녀 수 2명 이상인 경우,,,3.47
64,자녀할인,KB손보,자녀할인 특별약관,▶ 다음의 조건 모두 해당하는 경우에 한하여 가입 가능① 만10세이상 만 13세 이하 자녀가 있는 경우② 기명1인한정운전특약 또는 부부한정운전특약 가입 시③ 자녀 수 1명인 경우,,,1.71
65,자녀할인,KB손보,자녀할인 특별약관,▶ 다음의 조건 모두 해당하는 경우에 한하여 가입 가능① 만10세이상 만 13세 이하 자녀가 있는 경우② 기명1인한정운전특약과 부부한정운전특약  이외 특약 가입 시③ 자녀 수 1명인 경우,,,1.71
66,자녀할인,DB손보,Baby In Car(만11세 이하 자녀할인) 특별약관,▶ 다음의 조건 모두 해당하는 경우에 한하여 가입 가능① 자녀(태아) 연령 : 피보험자에게 태아가 있는 경우② 운전자범위 : 부부/기명1인 한정운전 특별약관에 가입한 경우③ 피보험자 연령 : 만39세 이하,대면/TM/CM/플랫폼,"대인1/대인2/대물/
자손/무보험/자차",17.1
67,자녀할인,DB손보,Baby In Car(만11세 이하 자녀할인) 특별약관,▶ 다음의 조건 모두 해당하는 경우에 한하여 가입 가능① 자녀 연령 : 피보험자에게 만0세 자녀(출생 후 첫 생일이 도래하지 않은 자녀)가 있는 경우② 운전자범위 : 부부/기명1인 한정운전 특별약관에 가입한 경우③ 피보험자 연령 : 만39세 이하,대면/TM/CM/플랫폼,"대인1/대인2/대물/
자손/무보험/자차",10.1
68,자녀할인,DB손보,Baby In Car(만11세 이하 자녀할인) 특별약관,▶ 다음의 조건 모두 해당하는 경우에 한하여 가입 가능① 자녀 연령 : 피보험자에게 만1~5세 자녀가 있는 경우② 운전자범위 : 부부/기명1인 한정운전 특별약관에 가입한 경우③ 피보험자 연령 : 만39세 이하,대면/TM/CM/플랫폼,"대인1/대인2/대물/
자손/무보험/자차",6.1
69,자녀할인,DB손보,Baby In Car(만11세 이하 자녀할인) 특별약관,▶ 다음의 조건 모두 해당하는 경우에 한하여 가입 가능① 자녀 연령 : 피보험자에게 만6세 자녀가 있는 경우② 운전자범위 : 부부/기명1인 한정운전 특별약관에 가입한 경우③ 피보험자 연령 : 만39세 이하,대면/TM/CM/플랫폼,"대인1/대인2/대물/
자손/무보험/자차",5.1
70,자녀할인,DB손보,Baby In Car(만11세 이하 자녀할인) 특별약관,▶ 다음의 조건 모두 해당하는 경우에 한하여 가입 가능① 자녀(태아) 연령 : 피보험자에게 만7~11세 자녀가 있는 경우② 운전자범위 : 부부/기명1인 한정운전 특별약관에 가입한 경우③ 피보험자 연령 : 만39세 이하,대면/TM/CM/플랫폼,"대인1/대인2/대물/
자손/무보험/자차",3.1
71,자녀할인,DB손보,Baby In Car(만11세 이하 자녀할인) 특별약관,▶ 다음의 조건 모두 해당하는 경우에 한하여 가입 가능① 자녀(태아) 연령 : 피보험자에게 태아가 있는 경우② 운전자범위 : 부부/기명1인 한정운전 특별약관에 가입한 경우③ 피보험자 연령 : 만40세 이상,대면/TM/CM/플랫폼,"대인1/대인2/대물/
자손/무보험/자차",16.1
72,자녀할인,DB손보,Baby In Car(만11세 이하 자녀할인) 특별약관,▶ 다음의 조건 모두 해당하는 경우에 한하여 가입 가능① 자녀 연령 : 피보험자에게 만0세 자녀(출생 후 첫 생일이 도래하지 않은 자녀)가 있는 경우② 운전자범위 : 부부/기명1인 한정운전 특별약관에 가입한 경우③ 피보험자 연령 : 만40세 이상,대면/TM/CM/플랫폼,"대인1/대인2/대물/
자손/무보험/자차",9
73,자녀할인,DB손보,Baby In Car(만11세 이하 자녀할인) 특별약관,▶ 다음의 조건 모두 해당하는 경우에 한하여 가입 가능① 자녀 연령 : 피보험자에게 만1~5세 자녀가 있는 경우② 운전자범위 : 부부/기명1인 한정운전 특별약관에 가입한 경우③ 피보험자 연령 : 만40세 이상,대면/TM/CM/플랫폼,"대인1/대인2/대물/
자손/무보험/자차",4.9
74,자녀할인,DB손보,Baby In Car(만11세 이하 자녀할인) 특별약관,▶ 다음의 조건 모두 해당하는 경우에 한하여 가입 가능① 자녀 연령 : 피보험자에게 만6세 자녀가 있는 경우② 운전자범위 : 부부/기명1인 한정운전 특별약관에 가입한 경우③ 피보험자 연령 : 만40세 이상,대면/TM/CM/플랫폼,"대인1/대인2/대물/
자손/무보험/자차",3.9
75,자녀할인,DB손보,Baby In Car(만11세 이하 자녀할인) 특별약관,▶ 다음의 조건 모두 해당하는 경우에 한하여 가입 가능① 자녀(태아) 연령 : 피보험자에게 만7~11세 자녀가 있는 경우② 운전자범위 : 부부/기명1인 한정운전 특별약관에 가입한 경우③ 피보험자 연령 : 만40세 이상,대면/TM/CM/플랫폼,"대인1/대인2/대물/
자손/무보험/자차",1.9
76,자녀할인,DB손보,Baby In Car(만11세 이하 자녀할인) 특별약관,"▶ 다음의 조건 모두 해당하는 경우에 한하여 가입 가능① 자녀(태아) 연령 : 피보험자에게 태아가 있는 경우② 운전자범위 : 부부/기명1인 한정운전 외 운전자한정 특별약관에 가입한 경우 (※ 단, 지정1인 제외)③ 피보험자 연령 : 만39세 이하",대면/TM/CM/플랫폼,"대인1/대인2/대물/
자손/무보험/자차",7.2
77,자녀할인,DB손보,Baby In Car(만11세 이하 자녀할인) 특별약관,"▶ 다음의 조건 모두 해당하는 경우에 한하여 가입 가능① 자녀 연령 : 피보험자에게 만0세 자녀(출생 후 첫 생일이 도래하지 않은 자녀)가 있는 경우② 운전자범위 : 부부/기명1인 한정운전 외 운전자한정 특별약관에 가입한 경우 (※ 단, 지정1인 제외)③ 피보험자 연령 : 만39세 이하",대면/TM/CM/플랫폼,"대인1/대인2/대물/
자손/무보험/자차",4.1
78,자녀할인,DB손보,Baby In Car(만11세 이하 자녀할인) 특별약관,"▶ 다음의 조건 모두 해당하는 경우에 한하여 가입 가능① 자녀 연령 : 피보험자에게 만1~5세 자녀가 있는 경우② 운전자범위 : 부부/기명1인 한정운전 외 운전자한정 특별약관에 가입한 경우 (※ 단, 지정1인 제외)③ 피보험자 연령 : 만39세 이하",대면/TM/CM/플랫폼,"대인1/대인2/대물/
자손/무보험/자차",2.1
79,자녀할인,DB손보,Baby In Car(만11세 이하 자녀할인) 특별약관,"▶ 다음의 조건 모두 해당하는 경우에 한하여 가입 가능① 자녀 연령 : 피보험자에게 만6세 자녀가 있는 경우② 운전자범위 : 부부/기명1인 한정운전 외 운전자한정 특별약관에 가입한 경우 (※ 단, 지정1인 제외)③ 피보험자 연령 : 만39세 이하",대면/TM/CM/플랫폼,"대인1/대인2/대물/
자손/무보험/자차",2.1
80,자녀할인,DB손보,Baby In Car(만11세 이하 자녀할인) 특별약관,"▶ 다음의 조건 모두 해당하는 경우에 한하여 가입 가능① 자녀(태아) 연령 : 피보험자에게 만7~11세 자녀가 있는 경우② 운전자범위 : 부부/기명1인 한정운전 외 운전자한정 특별약관에 가입한 경우 (※ 단, 지정1인 제외)③ 피보험자 연령 : 만39세 이하",대면/TM/CM/플랫폼,"대인1/대인2/대물/
자손/무보험/자차",2.1
81,자녀할인,DB손보,Baby In Car(만11세 이하 자녀할인) 특별약관,"▶ 다음의 조건 모두 해당하는 경우에 한하여 가입 가능① 자녀(태아) 연령 : 피보험자에게 태아가 있는 경우② 운전자범위 : 부부/기명1인 한정운전 외 운전자한정 특별약관에 가입한 경우 (※ 단, 지정1인 제외)③ 피보험자 연령 : 만40세 이상",대면/TM/CM/플랫폼,"대인1/대인2/대물/
자손/무보험/자차",6
82,자녀할인,DB손보,Baby In Car(만11세 이하 자녀할인) 특별약관,"▶ 다음의 조건 모두 해당하는 경우에 한하여 가입 가능① 자녀 연령 : 피보험자에게 만0세 자녀(출생 후 첫 생일이 도래하지 않은 자녀)가 있는 경우② 운전자범위 : 부부/기명1인 한정운전 외 운전자한정 특별약관에 가입한 경우 (※ 단, 지정1인 제외)③ 피보험자 연령 : 만40세 이상",대면/TM/CM/플랫폼,"대인1/대인2/대물/
자손/무보험/자차",2.9
83,자녀할인,DB손보,Baby In Car(만11세 이하 자녀할인) 특별약관,"▶ 다음의 조건 모두 해당하는 경우에 한하여 가입 가능① 자녀 연령 : 피보험자에게 만1~5세 자녀가 있는 경우② 운전자범위 : 부부/기명1인 한정운전 외 운전자한정 특별약관에 가입한 경우 (※ 단, 지정1인 제외)③ 피보험자 연령 : 만40세 이상",대면/TM/CM/플랫폼,"대인1/대인2/대물/
자손/무보험/자차",0.9
84,자녀할인,DB손보,Baby In Car(만11세 이하 자녀할인) 특별약관,"▶ 다음의 조건 모두 해당하는 경우에 한하여 가입 가능① 자녀 연령 : 피보험자에게 만6세 자녀가 있는 경우② 운전자범위 : 부부/기명1인 한정운전 외 운전자한정 특별약관에 가입한 경우 (※ 단, 지정1인 제외)③ 피보험자 연령 : 만40세 이상",대면/TM/CM/플랫폼,"대인1/대인2/대물/
자손/무보험/자차",0.9
85,자녀할인,DB손보,Baby In Car(만11세 이하 자녀할인) 특별약관,"▶ 다음의 조건 모두 해당하는 경우에 한하여 가입 가능① 자녀(태아) 연령 : 피보험자에게 만7~11세 자녀가 있는 경우② 운전자범위 : 부부/기명1인 한정운전 외 운전자한정 특별약관에 가입한 경우 (※ 단, 지정1인 제외)③ 피보험자 연령 : 만40세 이상",대면/TM/CM/플랫폼,"대인1/대인2/대물/
자손/무보험/자차",0.9
86,자녀할인,AXA손보,자녀 할인 특별약관,▶ 다음의 조건 모두 해당하는 경우에 한하여 가입 가능① 기명피보험자의 최연령 자녀가 만 13세 이상 만15세 이하인 경우② 부부 또는 기명1인 한정운전 특약에 가입한 경우,"TM, CM","대인1, 대인2, 대물, 자손, 무보험차상해, 자차",0.6
87,자녀할인,AXA손보,자녀 할인 특별약관,▶ 다음의 조건 모두 해당하는 경우에 한하여 가입 가능① 기명피보험자의 최연령 자녀가 만 8세 이상 만12세 이하인 경우② 부부 또는 기명1인 한정운전 특약에 가입한 경우,"TM, CM","대인1, 대인2, 대물, 자손, 무보험차상해, 자차",0.9
88,자녀할인,AXA손보,자녀 할인 특별약관,▶ 다음의 조건 모두 해당하는 경우에 한하여 가입 가능① 기명피보험자의 최연령 자녀가 만 7세 이하인 경우② 부부 또는 기명1인 한정운전 특약에 가입한 경우,"TM, CM","대인1, 대인2, 대물, 자손, 무보험차상해, 자차",2.4
89,자녀할인,캐롯손해보험,자녀할인 특별약관,▶ 다음의 조건 모두 해당하는 경우에 한하여 가입 가능① 기명피보험자의 자녀(태아)연령조건 : 태아② 운전가능범위: 부부/기명1인 한정운전 특별약관에 가입한 경우,CM/PM,대인1/대인2/대물/자손/무보험/자차,19
90,자녀할인,캐롯손해보험,자녀할인 특별약관,▶ 다음의 조건 모두 해당하는 경우에 한하여 가입 가능① 기명피보험자의 자녀(태아)연령조건 : 만0세 ~ 만10세② 운전가능범위: 부부/기명1인 한정운전 특별약관에 가입한 경우,CM/PM,대인1/대인2/대물/자손/무보험/자차,6
91,블랙박스장착할인,메리츠화재,블랙박스 장치 할인 특별약관,▶ 다음의 조건 모두 해당하는 경우에 한하여 가입 가능① 차량용 영상기록장치(블랙박스 장치) 장착② 차령 조건 : 신차③ 차종 조건 : 전 차종,대면/TM/CM/PM,대인1/대인2/대물/자손/무보험/자차,8
92,블랙박스장착할인,메리츠화재,블랙박스 장치 할인 특별약관,▶ 다음의 조건 모두 해당하는 경우에 한하여 가입 가능① 차량용 영상기록장치(블랙박스 장치) 장착② 차령 조건 : 1년 이상③ 차종 조건 : 전 차종,대면/TM/CM/PM,대인1/대인2/대물/자손/무보험/자차,5
93,블랙박스장착할인,한화손보,차량용 영상기록장치(블랙박스) 특별약관,▶ 다음의 조건 모두 해당하는 경우에 한하여 가입 가능① 차량용 영상기록장치(블랙박스)를 장착한 차량② 차령 조건 : 신차③ 차종 조건 : 전 차종,"대면, TM","대인1, 대인2, 대물, 자손, 무보험차상해, 자차",6
94,블랙박스장착할인,한화손보,차량용 영상기록장치(블랙박스) 특별약관,▶ 다음의 조건 모두 해당하는 경우에 한하여 가입 가능① 차량용 영상기록장치(블랙박스)를 장착한 차량② 차령 조건 : 1년~8년③ 차종 조건 : 전 차종,"대면, TM","대인1, 대인2, 대물, 자손, 무보험차상해, 자차",5
95,블랙박스장착할인,한화손보,차량용 영상기록장치(블랙박스) 특별약관,▶ 다음의 조건 모두 해당하는 경우에 한하여 가입 가능① 차량용 영상기록장치(블랙박스)를 장착한 차량② 차령 조건 : 9년이상③ 차종 조건 : 전 차종,"대면, TM","대인1, 대인2, 대물, 자손, 무보험차상해, 자차",4
96,블랙박스장착할인,롯데손보,차량용 블랙박스 특별약관,▶ 다음의 조건 모두 해당하는 경우에 한하여 가입 가능① 차량용 블랙박스를 장착한 차량② 차령 조건 : 전 차령③ 차종 조건 : 승용자동차,대면/TM/CM/PM,자차,3
97,블랙박스장착할인,롯데손보,차량용 블랙박스 특별약관,▶ 다음의 조건 모두 해당하는 경우에 한하여 가입 가능① 차량용 블랙박스를 장착한 차량② 차령 조건 : 전 차령③ 차종 조건 : 승용자동차,대면/TM/CM/PM,대인1/대인2/대물/자손/무보험,2
98,블랙박스장착할인,MG손보,차량용 영상기록장치(블랙박스) 장착에 관한 특별약관,▶ 다음의 조건 모두 해당하는 경우에 한하여 가입 가능① 장치 : 차량용 영상기록장치(블랙박스)를 장착한 차량② 차령 : 전 차령③ 차종 : 전 차종④ 고지방식 : 차량번호판 사진 및 블랙박스 사진 전송,대면/TM/CM,대인1/대인2/대물/자손/무보험/자차,3
99,블랙박스장착할인,흥국화재,차량용 영상기록장치(블랙박스)장착에 관한 특별약관,▶ 다음의 조건 모두 해당하는 경우에 한하여 가입 가능① 장치 : 차량용 영상기록장치(블랙박스)를 장착한 차량② 차령 : 신차③ 차종 : 전 차종,대면/TM/CM/PM,대인1/대인2/대물/자손/무보험/자차,6
100,블랙박스장착할인,흥국화재,차량용 영상기록장치(블랙박스)장착에 관한 특별약관,▶ 다음의 조건 모두 해당하는 경우에 한하여 가입 가능① 장치 : 차량용 영상기록장치(블랙박스)를 장착한 차량② 차령 : 1년식~5년식③ 차종 : 전 차종,대면/TM/CM/PM,대인1/대인2/대물/자손/무보험/자차,2
101,블랙박스장착할인,삼성화재,차량용영상기록장치장착에 관한 특별약관,▶ 다음의 조건 모두 해당하는 경우에 한하여 가입 가능① 차량용 영상기록장치(최초 출고시 차량에 내장되어 있는 내장형 블랙박스) 장착② 차령 조건 : 5년 미만③ 차종 조건 : 전 차종,"대면, TM, CM, 플랫폼","대인1, 대인2, 대물, 자손, 무보험, 자차",6.9
102,블랙박스장착할인,삼성화재,차량용영상기록장치장착에 관한 특별약관,▶ 다음의 조건 모두 해당하는 경우에 한하여 가입 가능① 차량용 영상기록장치(최초 출고시 차량에 내장되어 있는 내장형 블랙박스) 장착② 차령 조건 : 5년 이상 ~ 12년 미만③ 차종 조건 : 전 차종,"대면, TM, CM, 플랫폼","대인1, 대인2, 대물, 자손, 무보험, 자차",5
103,블랙박스장착할인,삼성화재,차량용영상기록장치장착에 관한 특별약관,▶ 다음의 조건 모두 해당하는 경우에 한하여 가입 가능① 차량용 영상기록장치(내장형 제외) 장착② 차령 조건 : 12년 미만③ 차종 조건 : 전 차종,"대면, TM, CM, 플랫폼","대인1, 대인2, 대물, 자손, 무보험, 자차",4
104,블랙박스장착할인,삼성화재,차량용영상기록장치장착에 관한 특별약관,▶ 다음의 조건 모두 해당하는 경우에 한하여 가입 가능① 차량용 영상기록장치 장착② 차령 조건 : 12년 이상③ 차종 조건 : 전 차종,"대면, TM, CM, 플랫폼","대인1, 대인2, 대물, 자손, 무보험, 자차",3
105,블랙박스장착할인,삼성화재,커넥티드 블랙박스 장착에 관한 특별약관,▶ 다음의 조건 모두 해당하는 경우에 한하여 가입 가능① 주행정보(GPS) 수집이 가능한 무선통신형 차량용 영상기록장치 장착② 차령 조건 : 12년 미만③ 차종 조건 : 전 차종,"대면, TM, CM, 플랫폼","대인1, 대인2, 대물, 자손, 무보험, 자차",4
106,블랙박스장착할인,삼성화재,커넥티드 블랙박스 장착에 관한 특별약관,▶ 다음의 조건 모두 해당하는 경우에 한하여 가입 가능① 주행정보(GPS) 수집이 가능한 무선통신형 차량용 영상기록장치 장착② 차령 조건 : 12년 이상③ 차종 조건 : 전 차종,"대면, TM, CM, 플랫폼","대인1, 대인2, 대물, 자손, 무보험, 자차",3
107,블랙박스장착할인,현대해상,차량용 영상기록장치(블랙박스) 할인 특별약관,▶ 다음의 조건 모두 해당하는 경우에 한하여 가입 가능① 장치 : 차량용 영상기록장치(일반용 블랙박스)를 장착한 차량② 차령 : 신차~12년전 이하③ 차종 : 전 차종,대면/TM/CM/플랫폼,대인1/대인2/대물/자손/무보험/자차,2.2
108,블랙박스장착할인,현대해상,차량용 영상기록장치(블랙박스) 할인 특별약관,▶ 다음의 조건 모두 해당하는 경우에 한하여 가입 가능① 장치 : 차량용 영상기록장치(커넥티드 블랙박스)를 장착한 차량② 차령 : 신차~12년전 이하③ 차종 : 전 차종,대면/TM/CM/플랫폼,대인1/대인2/대물/자손/무보험/자차,5.9
109,블랙박스장착할인,현대해상,차량용 영상기록장치(블랙박스) 할인 특별약관,▶ 다음의 조건 모두 해당하는 경우에 한하여 가입 가능① 장치 : 차량용 영상기록장치(커넥티드 블랙박스)를 장착한 차량② 차령 : 13년전 이상③ 차종 : 전 차종,대면/TM/CM/플랫폼,대인1/대인2/대물/자손/무보험/자차,3.8
110,블랙박스장착할인,현대해상,차량용 영상기록장치(블랙박스) 할인 특별약관,▶ 다음의 조건 모두 해당하는 경우에 한하여 가입 가능① 장치 : 차량용 영상기록장치(빌트인캠)를 장착한 차량② 차령 : 신차~12년전 이하③ 차종 : 전 차종,대면/TM/CM/플랫폼,대인1/대인2/대물/자손/무보험/자차,6.7
111,블랙박스장착할인,현대해상,차량용 영상기록장치(블랙박스) 할인 특별약관,▶ 다음의 조건 모두 해당하는 경우에 한하여 가입 가능① 장치 : 차량용 영상기록장치(빌트인캠)를 장착한 차량② 차령 : 13년전 이상③ 차종 : 전 차종,대면/TM/CM/플랫폼,대인1/대인2/대물/자손/무보험/자차,4.6
112,블랙박스장착할인,KB손보,블랙박스 장착 할인 특별약관,▶ 다음의 조건 모두 해당하는 경우에 한하여 가입 가능① 피보험자동차에 내장형 블랙박스가 장착되어있는 경우③ 전 차종,대면/TM/CM/PM,대인1/대인2/대물/자손/무보험/자차,7
113,블랙박스장착할인,KB손보,블랙박스 장착 할인 특별약관,▶ 다음의 조건 모두 해당하는 경우에 한하여 가입 가능① 피보험자동차에 블랙박스를 장착한 경우② 차령조건: 신차~2년식③ 전 차종,대면/TM/CM/PM,대인1/대인2/대물/자손/무보험/자차,4.7
114,블랙박스장착할인,KB손보,블랙박스 장착 할인 특별약관,▶ 다음의 조건 모두 해당하는 경우에 한하여 가입 가능① 피보험자동차에 블랙박스를 장착한 경우② 차령조건: 3~11년식③ 전 차종,대면/TM/CM/PM,대인1/대인2/대물/자손/무보험/자차,2.9
115,블랙박스장착할인,DB손보,차량용 블랙박스에 관한 특별약관,▶ 다음의 조건 모두 해당하는 경우에 한하여 가입 가능① 피보험자동차에 블랙박스를 장착한 경우② 차령 : 0~2년식③ 차종 : 전 차종,대면/TM/CM/플랫폼,"대인1/대인2/대물/
자손/무보험/자차",2.5
116,블랙박스장착할인,DB손보,차량용 블랙박스에 관한 특별약관,▶ 다음의 조건 모두 해당하는 경우에 한하여 가입 가능① 피보험자동차에 블랙박스를 장착한 경우② 차령 : 3~ 9년식③ 차종 : 전 차종,대면/TM/CM/플랫폼,"대인1/대인2/대물/
자손/무보험/자차",1.4
117,블랙박스장착할인,AXA손보,차량용 영상기록장치(블랙박스) 특별약관,▶ 다음의 조건 모두 해당하는 경우에 한하여 가입 가능① 피보험자동차에 블랙박스를 장착한 경우② 차령 조건 : 3년 이내③ 차종 조건 : 전 차종,"TM, CM","대인1, 대인2, 대물, 자손, 무보험차상해, 자차",5.9
118,블랙박스장착할인,AXA손보,차량용 영상기록장치(블랙박스) 특별약관,▶ 다음의 조건 모두 해당하는 경우에 한하여 가입 가능① 피보험자동차에 블랙박스를 장착한 경우② 차령 조건 : 3년 초과③ 차종 조건 : 전 차종,"TM, CM","대인1, 대인2, 대물, 자손, 무보험차상해, 자차",1.4
119,마일리지(후정산형)할인,메리츠화재,주행거리 연동 할인 특별약관,▶ 다음의 조건 모두 해당하는 경우에 한하여 가입 가능① 주행거리 조건 : 연간 주행거리 3천km 이하② 고지방식 조건 : 계기판 사진 전송③ 차종 조건 : 전 차종④ 보험기간 조건 : 보험기간이 3개월 이상,대면/TM/CM/PM,대인1/대인2/대물/자손/무보험/자차,46
120,마일리지(후정산형)할인,메리츠화재,주행거리 연동 할인 특별약관,▶ 다음의 조건 모두 해당하는 경우에 한하여 가입 가능① 주행거리 조건 : 연간 주행거리 3천km 초과 ~ 5천km 이하② 고지방식 조건 : 계기판 사진 전송③ 차종 조건 : 전 차종④ 보험기간 조건 : 보험기간이 3개월 이상,대면/TM/CM/PM,대인1/대인2/대물/자손/무보험/자차,37
121,마일리지(후정산형)할인,메리츠화재,주행거리 연동 할인 특별약관,▶ 다음의 조건 모두 해당하는 경우에 한하여 가입 가능① 주행거리 조건 : 연간 주행거리 5천km 초과 ~ 8천km 이하② 고지방식 조건 : 계기판 사진 전송③ 차종 조건 : 전 차종④ 보험기간 조건 : 보험기간이 3개월 이상,대면/TM/CM/PM,대인1/대인2/대물/자손/무보험/자차,28
122,마일리지(후정산형)할인,메리츠화재,주행거리 연동 할인 특별약관,▶ 다음의 조건 모두 해당하는 경우에 한하여 가입 가능① 주행거리 조건 : 연간 주행거리 8천km 초과 ~ 1만km 이하② 고지방식 조건 : 계기판 사진 전송③ 차종 조건 : 전 차종④ 보험기간 조건 : 보험기간이 3개월 이상,대면/TM/CM/PM,대인1/대인2/대물/자손/무보험/자차,17
123,마일리지(후정산형)할인,메리츠화재,주행거리 연동 할인 특별약관,▶ 다음의 조건 모두 해당하는 경우에 한하여 가입 가능① 주행거리 조건 : 연간 주행거리 1만km 초과 ~ 1만2천km 이하② 고지방식 조건 : 계기판 사진 전송③ 차종 조건 : 전 차종④ 보험기간 조건 : 보험기간이 3개월 이상,대면/TM/CM/PM,대인1/대인2/대물/자손/무보험/자차,10
124,마일리지(후정산형)할인,메리츠화재,주행거리 연동 할인 특별약관,▶ 다음의 조건 모두 해당하는 경우에 한하여 가입 가능① 주행거리 조건 : 연간 주행거리 1만2천km 초과 ~ 1만5천km 이하② 고지방식 조건 : 계기판 사진 전송③ 차종 조건 : 전 차종④ 보험기간 조건 : 보험기간이 3개월 이상,대면/TM/CM/PM,대인1/대인2/대물/자손/무보험/자차,2
125,마일리지(후정산형)할인,메리츠화재,주행거리 연동 할인 특별약관,▶ 다음의 조건 모두 해당하는 경우에 한하여 가입 가능① 주행거리 조건 : 연간 주행거리 1만5천km 초과 ~  1만7천km 이하② 고지방식 조건 : 계기판 사진 전송③ 차종 조건 : 전 차종④ 보험기간 조건 : 보험기간이 3개월 이상,대면/TM/CM/PM,대인1/대인2/대물/자손/무보험/자차,2
126,마일리지(후정산형)할인,한화손보,ECO 마일리지 특별약관 (후정산),"▶ 다음의 조건 모두 해당하는 경우에 한하여 가입 가능① 주행거리 조건 : 2,000km 이하② 고지방식 조건 : 계기판？사진？전송③ 차종 조건 : 초소형/소형A,B④ 보험기간 조건 : 1년(추가가입의 경우 잔여기간 3개월이상)","대면, TM","대인1, 대인2, 대물, 자손, 무보험차상해, 자차",38
127,마일리지(후정산형)할인,한화손보,ECO 마일리지 특별약관 (후정산),"▶ 다음의 조건 모두 해당하는 경우에 한하여 가입 가능① 주행거리 조건 : 2,000km 초과 3,000km 이하② 고지방식 조건 : 계기판？사진？전송③ 차종 조건 : 초소형/소형A,B④ 보험기간 조건 : 1년(추가가입의 경우 잔여기간 3개월이상)","대면, TM","대인1, 대인2, 대물, 자손, 무보험차상해, 자차",33
128,마일리지(후정산형)할인,한화손보,ECO 마일리지 특별약관 (후정산),"▶ 다음의 조건 모두 해당하는 경우에 한하여 가입 가능① 주행거리 조건 : 3,000km 초과 5,000km 이하② 고지방식 조건 : 계기판？사진？전송③ 차종 조건 : 초소형/소형A,B④ 보험기간 조건 : 1년(추가가입의 경우 잔여기간 3개월이상)","대면, TM","대인1, 대인2, 대물, 자손, 무보험차상해, 자차",28
129,마일리지(후정산형)할인,한화손보,ECO 마일리지 특별약관 (후정산),"▶ 다음의 조건 모두 해당하는 경우에 한하여 가입 가능① 주행거리 조건 : 5,000km 초과 7,000km 이하② 고지방식 조건 : 계기판？사진？전송③ 차종 조건 : 초소형/소형A,B④ 보험기간 조건 : 1년(추가가입의 경우 잔여기간 3개월이상)","대면, TM","대인1, 대인2, 대물, 자손, 무보험차상해, 자차",19
130,마일리지(후정산형)할인,한화손보,ECO 마일리지 특별약관 (후정산),"▶ 다음의 조건 모두 해당하는 경우에 한하여 가입 가능① 주행거리 조건 : 7,000km 초과 10,000km 이하② 고지방식 조건 : 계기판？사진？전송③ 차종 조건 : 초소형/소형A,B④ 보험기간 조건 : 1년(추가가입의 경우 잔여기간 3개월이상)","대면, TM","대인1, 대인2, 대물, 자손, 무보험차상해, 자차",17
131,마일리지(후정산형)할인,한화손보,ECO 마일리지 특별약관 (후정산),"▶ 다음의 조건 모두 해당하는 경우에 한하여 가입 가능① 주행거리 조건 : 10,000km 초과 12,000km 이하② 고지방식 조건 : 계기판？사진？전송③ 차종 조건 : 초소형/소형A,B④ 보험기간 조건 : 1년(추가가입의 경우 잔여기간 3개월이상)","대면, TM","대인1, 대인2, 대물, 자손, 무보험차상해, 자차",12
132,마일리지(후정산형)할인,한화손보,ECO 마일리지 특별약관 (후정산),"▶ 다음의 조건 모두 해당하는 경우에 한하여 가입 가능① 주행거리 조건 : 12,000km 초과 15,000km 이하② 고지방식 조건 : 계기판？사진？전송③ 차종 조건 : 초소형/소형A,B④ 보험기간 조건 : 1년(추가가입의 경우 잔여기간 3개월이상)","대면, TM","대인1, 대인2, 대물, 자손, 무보험차상해, 자차",5
133,마일리지(후정산형)할인,한화손보,ECO 마일리지 특별약관 (후정산),"▶ 다음의 조건 모두 해당하는 경우에 한하여 가입 가능① 주행거리 조건 : 15,000km 초과 18,000km 이하② 고지방식 조건 : 계기판？사진？전송③ 차종 조건 : 초소형/소형A,B④ 보험기간 조건 : 1년(추가가입의 경우 잔여기간 3개월이상)","대면, TM","대인1, 대인2, 대물, 자손, 무보험차상해, 자차",2
134,마일리지(후정산형)할인,한화손보,ECO 마일리지 특별약관 (후정산),"▶ 다음의 조건 모두 해당하는 경우에 한하여 가입 가능① 주행거리 조건 : 2,000km 이하② 고지방식 조건 : 계기판？사진？전송③ 차종 조건 : 중형,대형④ 보험기간 조건 : 1년(추가가입의 경우 잔여기간 3개월이상)","대면, TM","대인1, 대인2, 대물, 자손, 무보험차상해, 자차",40
135,마일리지(후정산형)할인,한화손보,ECO 마일리지 특별약관 (후정산),"▶ 다음의 조건 모두 해당하는 경우에 한하여 가입 가능① 주행거리 조건 : 2,000km 초과 3,000km 이하② 고지방식 조건 : 계기판？사진？전송③ 차종 조건 : 중형,대형④ 보험기간 조건 : 1년(추가가입의 경우 잔여기간 3개월이상)","대면, TM","대인1, 대인2, 대물, 자손, 무보험차상해, 자차",36
136,마일리지(후정산형)할인,한화손보,ECO 마일리지 특별약관 (후정산),"▶ 다음의 조건 모두 해당하는 경우에 한하여 가입 가능① 주행거리 조건 : 3,000km 초과 5,000km 이하② 고지방식 조건 : 계기판？사진？전송③ 차종 조건 : 중형,대형④ 보험기간 조건 : 1년(추가가입의 경우 잔여기간 3개월이상)","대면, TM","대인1, 대인2, 대물, 자손, 무보험차상해, 자차",31
137,마일리지(후정산형)할인,한화손보,ECO 마일리지 특별약관 (후정산),"▶ 다음의 조건 모두 해당하는 경우에 한하여 가입 가능① 주행거리 조건 : 5,000km 초과 7,000km 이하② 고지방식 조건 : 계기판？사진？전송③ 차종 조건 : 중형,대형④ 보험기간 조건 : 1년(추가가입의 경우 잔여기간 3개월이상)","대면, TM","대인1, 대인2, 대물, 자손, 무보험차상해, 자차",22
138,마일리지(후정산형)할인,한화손보,ECO 마일리지 특별약관 (후정산),"▶ 다음의 조건 모두 해당하는 경우에 한하여 가입 가능① 주행거리 조건 : 7,000km 초과 10,000km 이하② 고지방식 조건 : 계기판？사진？전송③ 차종 조건 : 중형,대형④ 보험기간 조건 : 1년(추가가입의 경우 잔여기간 3개월이상)","대면, TM","대인1, 대인2, 대물, 자손, 무보험차상해, 자차",20
139,마일리지(후정산형)할인,한화손보,ECO 마일리지 특별약관 (후정산),"▶ 다음의 조건 모두 해당하는 경우에 한하여 가입 가능① 주행거리 조건 : 10,000km 초과 12,000km 이하② 고지방식 조건 : 계기판？사진？전송③ 차종 조건 : 중형,대형④ 보험기간 조건 : 1년(추가가입의 경우 잔여기간 3개월이상)","대면, TM","대인1, 대인2, 대물, 자손, 무보험차상해, 자차",15
140,마일리지(후정산형)할인,한화손보,ECO 마일리지 특별약관 (후정산),"▶ 다음의 조건 모두 해당하는 경우에 한하여 가입 가능① 주행거리 조건 : 12,000km 초과 15,000km 이하② 고지방식 조건 : 계기판？사진？전송③ 차종 조건 : 중형,대형④ 보험기간 조건 : 1년(추가가입의 경우 잔여기간 3개월이상)","대면, TM","대인1, 대인2, 대물, 자손, 무보험차상해, 자차",9
141,마일리지(후정산형)할인,한화손보,ECO 마일리지 특별약관 (후정산),"▶ 다음의 조건 모두 해당하는 경우에 한하여 가입 가능① 주행거리 조건 : 15,000km 초과 18,000km 이하② 고지방식 조건 : 계기판？사진？전송③ 차종 조건 : 중형,대형④ 보험기간 조건 : 1년(추가가입의 경우 잔여기간 3개월이상)","대면, TM","대인1, 대인2, 대물, 자손, 무보험차상해, 자차",2
142,마일리지(후정산형)할인,한화손보,ECO 마일리지 특별약관 (후정산),"▶ 다음의 조건 모두 해당하는 경우에 한하여 가입 가능① 주행거리 조건 : 2,000km 이하② 고지방식 조건 : 계기판？사진？전송③ 차종 조건 : 다인승1,2종④ 보험기간 조건 : 1년(추가가입의 경우 잔여기간 3개월이상)","대면, TM","대인1, 대인2, 대물, 자손, 무보험차상해, 자차",42
143,마일리지(후정산형)할인,한화손보,ECO 마일리지 특별약관 (후정산),"▶ 다음의 조건 모두 해당하는 경우에 한하여 가입 가능① 주행거리 조건 : 2,000km 초과 3,000km 이하② 고지방식 조건 : 계기판？사진？전송③ 차종 조건 : 다인승1,2종④ 보험기간 조건 : 1년(추가가입의 경우 잔여기간 3개월이상)","대면, TM","대인1, 대인2, 대물, 자손, 무보험차상해, 자차",38
144,마일리지(후정산형)할인,한화손보,ECO 마일리지 특별약관 (후정산),"▶ 다음의 조건 모두 해당하는 경우에 한하여 가입 가능① 주행거리 조건 : 3,000km 초과 5,000km 이하② 고지방식 조건 : 계기판？사진？전송③ 차종 조건 : 다인승1,2종④ 보험기간 조건 : 1년(추가가입의 경우 잔여기간 3개월이상)","대면, TM","대인1, 대인2, 대물, 자손, 무보험차상해, 자차",33
145,마일리지(후정산형)할인,한화손보,ECO 마일리지 특별약관 (후정산),"▶ 다음의 조건 모두 해당하는 경우에 한하여 가입 가능① 주행거리 조건 : 5,000km 초과 7,000km 이하② 고지방식 조건 : 계기판？사진？전송③ 차종 조건 : 다인승1,2종④ 보험기간 조건 : 1년(추가가입의 경우 잔여기간 3개월이상)","대면, TM","대인1, 대인2, 대물, 자손, 무보험차상해, 자차",25
146,마일리지(후정산형)할인,한화손보,ECO 마일리지 특별약관 (후정산),"▶ 다음의 조건 모두 해당하는 경우에 한하여 가입 가능① 주행거리 조건 : 7,000km 초과 10,000km 이하② 고지방식 조건 : 계기판？사진？전송③ 차종 조건 : 다인승1,2종④ 보험기간 조건 : 1년(추가가입의 경우 잔여기간 3개월이상)","대면, TM","대인1, 대인2, 대물, 자손, 무보험차상해, 자차",23
147,마일리지(후정산형)할인,한화손보,ECO 마일리지 특별약관 (후정산),"▶ 다음의 조건 모두 해당하는 경우에 한하여 가입 가능① 주행거리 조건 : 10,000km 초과 12,000km 이하② 고지방식 조건 : 계기판？사진？전송③ 차종 조건 : 다인승1,2종④ 보험기간 조건 : 1년(추가가입의 경우 잔여기간 3개월이상)","대면, TM","대인1, 대인2, 대물, 자손, 무보험차상해, 자차",18
148,마일리지(후정산형)할인,한화손보,ECO 마일리지 특별약관 (후정산),"▶ 다음의 조건 모두 해당하는 경우에 한하여 가입 가능① 주행거리 조건 : 12,000km 초과 15,000km 이하② 고지방식 조건 : 계기판？사진？전송③ 차종 조건 : 다인승1,2종④ 보험기간 조건 : 1년(추가가입의 경우 잔여기간 3개월이상)","대면, TM","대인1, 대인2, 대물, 자손, 무보험차상해, 자차",12
149,마일리지(후정산형)할인,한화손보,ECO 마일리지 특별약관 (후정산),"▶ 다음의 조건 모두 해당하는 경우에 한하여 가입 가능① 주행거리 조건 : 15,000km 초과 18,000km 이하② 고지방식 조건 : 계기판？사진？전송③ 차종 조건 : 다인승1,2종④ 보험기간 조건 : 1년(추가가입의 경우 잔여기간 3개월이상)","대면, TM","대인1, 대인2, 대물, 자손, 무보험차상해, 자차",2
150,마일리지(후정산형)할인,롯데손보,후할인 주행거리 특별약관,▶ 다음의 조건 모두 해당하는 경우에 한하여 가입 가능① 연간 주행거리 3천km 이하② 사진촬영 방식③ 전 차종④ 보험기간 3개월 이상,대면/TM/CM/PM,대인1/대인2/대물/자손/무보험/자차,31
151,마일리지(후정산형)할인,롯데손보,후할인 주행거리 특별약관,▶ 다음의 조건 모두 해당하는 경우에 한하여 가입 가능① 연간 주행거리 5천km 이하② 사진촬영 방식③ 전 차종④ 보험기간 3개월 이상,대면/TM/CM/PM,대인1/대인2/대물/자손/무보험/자차,23
152,마일리지(후정산형)할인,롯데손보,후할인 주행거리 특별약관,▶ 다음의 조건 모두 해당하는 경우에 한하여 가입 가능① 연간 주행거리 7천km 이하② 사진촬영 방식③ 전 차종④ 보험기간 3개월 이상,대면/TM/CM/PM,대인1/대인2/대물/자손/무보험/자차,18
153,마일리지(후정산형)할인,롯데손보,후할인 주행거리 특별약관,▶ 다음의 조건 모두 해당하는 경우에 한하여 가입 가능① 연간 주행거리 1만km 이하② 사진촬영 방식③ 전 차종④ 보험기간 3개월 이상,대면/TM/CM/PM,대인1/대인2/대물/자손/무보험/자차,17
154,마일리지(후정산형)할인,롯데손보,후할인 주행거리 특별약관,▶ 다음의 조건 모두 해당하는 경우에 한하여 가입 가능① 연간 주행거리 1만2천km 이하② 사진촬영 방식③ 전 차종④ 보험기간 3개월 이상,대면/TM/CM/PM,대인1/대인2/대물/자손/무보험/자차,2
155,마일리지(후정산형)할인,롯데손보,후할인 주행거리 특별약관,▶ 다음의 조건 모두 해당하는 경우에 한하여 가입 가능① 연간 주행거리 1만5천km 이하② 사진촬영 방식③ 전 차종④ 보험기간 3개월 이상,대면/TM/CM/PM,대인1/대인2/대물/자손/무보험/자차,1
156,마일리지(후정산형)할인,MG손보,마일리지 특별약관Ⅱ (후할인형),"▶ 다음의 조건 모두 해당하는 경우에 한하여 가입 가능① 주행거리 : 연간 2,000km 이하② 고지방식 : 차량번호판 사진 및 계기판 사진전송③ 차종 : 6인 이하 승용차④ 보험기간 : 1년(단, 동일증권 추가시 3개월 이상)",대면/TM/CM,대인1/대인2/대물/자손/무보험/자차,43
157,마일리지(후정산형)할인,MG손보,마일리지 특별약관Ⅱ (후할인형),"▶ 다음의 조건 모두 해당하는 경우에 한하여 가입 가능① 주행거리 : 연간 2,000km 초과 4,000km 이하② 고지방식 : 차량번호판 사진 및 계기판 사진전송③ 차종 : 6인 이하 승용차④ 보험기간 : 1년(단, 동일증권 추가시 3개월 이상)",대면/TM/CM,대인1/대인2/대물/자손/무보험/자차,39
158,마일리지(후정산형)할인,MG손보,마일리지 특별약관Ⅱ (후할인형),"▶ 다음의 조건 모두 해당하는 경우에 한하여 가입 가능① 주행거리 : 연간 4,000km 초과 7,000km 이하② 고지방식 : 차량번호판 사진 및 계기판 사진전송③ 차종 : 6인 이하 승용차④ 보험기간 : 1년(단, 동일증권 추가시 3개월 이상)",대면/TM/CM,대인1/대인2/대물/자손/무보험/자차,31
159,마일리지(후정산형)할인,MG손보,마일리지 특별약관Ⅱ (후할인형),"▶ 다음의 조건 모두 해당하는 경우에 한하여 가입 가능① 주행거리 : 연간 7,000km 초과 10,000km 이하② 고지방식 : 차량번호판 사진 및 계기판 사진전송③ 차종 : 6인 이하 승용차④ 보험기간 : 1년(단, 동일증권 추가시 3개월 이상)",대면/TM/CM,대인1/대인2/대물/자손/무보험/자차,24
160,마일리지(후정산형)할인,MG손보,마일리지 특별약관Ⅱ (후할인형),"▶ 다음의 조건 모두 해당하는 경우에 한하여 가입 가능① 주행거리 : 연간 10,000km 초과 12,000km 이하② 고지방식 : 차량번호판 사진 및 계기판 사진전송③ 차종 : 6인 이하 승용차④ 보험기간 : 1년(단, 동일증권 추가시 3개월 이상)",대면/TM/CM,대인1/대인2/대물/자손/무보험/자차,13
161,마일리지(후정산형)할인,MG손보,마일리지 특별약관Ⅱ (후할인형),"▶ 다음의 조건 모두 해당하는 경우에 한하여 가입 가능① 주행거리 : 연간 12,000km 초과 15,000km 이하② 고지방식 : 차량번호판 사진 및 계기판 사진전송③ 차종 : 6인 이하 승용차④ 보험기간 : 1년(단, 동일증권 추가시 3개월 이상)",대면/TM/CM,대인1/대인2/대물/자손/무보험/자차,12
162,마일리지(후정산형)할인,MG손보,마일리지 특별약관Ⅱ (후할인형),"▶ 다음의 조건 모두 해당하는 경우에 한하여 가입 가능① 주행거리 : 연간 5,000km 이하② 고지방식 : 차량번호판 사진 및 계기판 사진전송③ 차종 : 7인 이상 10인 이하 승용차④ 보험기간 : 1년(단, 동일증권 추가시 3개월 이상)",대면/TM/CM,대인1/대인2/대물/자손/무보험/자차,36
163,마일리지(후정산형)할인,MG손보,마일리지 특별약관Ⅱ (후할인형),"▶ 다음의 조건 모두 해당하는 경우에 한하여 가입 가능① 주행거리 : 연간 5,000km 초과 7,000km이하② 고지방식 : 차량번호판 사진 및 계기판 사진전송③ 차종 : 7인 이상 10인 이하 승용차④ 보험기간 : 1년(단, 동일증권 추가시 3개월 이상)",대면/TM/CM,대인1/대인2/대물/자손/무보험/자차,26
164,마일리지(후정산형)할인,MG손보,마일리지 특별약관Ⅱ (후할인형),"▶ 다음의 조건 모두 해당하는 경우에 한하여 가입 가능① 주행거리 : 연간 7,000km 초과 10,000km이하② 고지방식 : 차량번호판 사진 및 계기판 사진전송③ 차종 : 7인 이상 10인 이하 승용차④ 보험기간 : 1년(단, 동일증권 추가시 3개월 이상)",대면/TM/CM,대인1/대인2/대물/자손/무보험/자차,16
165,마일리지(후정산형)할인,MG손보,마일리지 특별약관Ⅱ (후할인형),"▶ 다음의 조건 모두 해당하는 경우에 한하여 가입 가능① 주행거리 : 연간 10,000km 초과 13,000km이하② 고지방식 : 차량번호판 사진 및 계기판 사진전송③ 차종 : 7인 이상 10인 이하 승용차④ 보험기간 : 1년(단, 동일증권 추가시 3개월 이상)",대면/TM/CM,대인1/대인2/대물/자손/무보험/자차,13
166,마일리지(후정산형)할인,흥국화재,주행거리 바로할인 특별약관,"▶ 다음의 조건 모두 해당하는 경우에 한하여 가입 가능① 주행거리 : 보험기간 동안 1,000km 이하② 고지방식 : 계기판 사진전송③ 차종 : 전 차종④ 보험기간 : 1년(단, 동일증권 추가시 3개월 이상)",대면/TM/CM/PM,대인1/대인2/대물/자손/무보험/자차,45
167,마일리지(후정산형)할인,흥국화재,주행거리 바로할인 특별약관,"▶ 다음의 조건 모두 해당하는 경우에 한하여 가입 가능① 주행거리 : 보험기간 동안 1,000km 초과 ~ 2,000km 이하② 고지방식 : 계기판 사진전송③ 차종 : 전 차종④ 보험기간 : 1년(단, 동일증권 추가시 3개월 이상)",대면/TM/CM/PM,대인1/대인2/대물/자손/무보험/자차,44
168,마일리지(후정산형)할인,흥국화재,주행거리 바로할인 특별약관,"▶ 다음의 조건 모두 해당하는 경우에 한하여 가입 가능① 주행거리 : 보험기간 동안 2,000km 초과 ~ 3,000km 이하② 고지방식 : 계기판 사진전송③ 차종 : 전 차종④ 보험기간 : 1년(단, 동일증권 추가시 3개월 이상)",대면/TM/CM/PM,대인1/대인2/대물/자손/무보험/자차,38
169,마일리지(후정산형)할인,흥국화재,주행거리 바로할인 특별약관,"▶ 다음의 조건 모두 해당하는 경우에 한하여 가입 가능① 주행거리 : 보험기간 동안 3,000km 초과 ~ 5,000km 이하② 고지방식 : 계기판 사진전송③ 차종 : 전 차종④ 보험기간 : 1년(단, 동일증권 추가시 3개월 이상)",대면/TM/CM/PM,대인1/대인2/대물/자손/무보험/자차,35
170,마일리지(후정산형)할인,흥국화재,주행거리 바로할인 특별약관,"▶ 다음의 조건 모두 해당하는 경우에 한하여 가입 가능① 주행거리 : 보험기간 동안 5,000km 초과 ~ 7,000km 이하② 고지방식 : 계기판 사진전송③ 차종 : 전 차종④ 보험기간 : 1년(단, 동일증권 추가시 3개월 이상)",대면/TM/CM/PM,대인1/대인2/대물/자손/무보험/자차,25
171,마일리지(후정산형)할인,흥국화재,주행거리 바로할인 특별약관,"▶ 다음의 조건 모두 해당하는 경우에 한하여 가입 가능① 주행거리 : 보험기간 동안 7,000km 초과 ~ 10,000km 이하② 고지방식 : 계기판 사진전송③ 차종 : 전 차종④ 보험기간 : 1년(단, 동일증권 추가시 3개월 이상)",대면/TM/CM/PM,대인1/대인2/대물/자손/무보험/자차,23
172,마일리지(후정산형)할인,흥국화재,주행거리 바로할인 특별약관,"▶ 다음의 조건 모두 해당하는 경우에 한하여 가입 가능① 주행거리 : 보험기간 동안 10,000km 초과 ~ 12,000km 이하② 고지방식 : 계기판 사진전송③ 차종 : 전 차종④ 보험기간 : 1년(단, 동일증권 추가시 3개월 이상)",대면/TM/CM/PM,대인1/대인2/대물/자손/무보험/자차,16
173,마일리지(후정산형)할인,흥국화재,주행거리 바로할인 특별약관,"▶ 다음의 조건 모두 해당하는 경우에 한하여 가입 가능① 주행거리 : 보험기간 동안 12,000km 초과 ~ 15,000km 이하② 고지방식 : 계기판 사진전송③ 차종 : 전 차종④ 보험기간 : 1년(단, 동일증권 추가시 3개월 이상)",대면/TM/CM/PM,대인1/대인2/대물/자손/무보험/자차,12
174,마일리지(후정산형)할인,흥국화재,주행거리 바로할인 특별약관,"▶ 다음의 조건 모두 해당하는 경우에 한하여 가입 가능① 주행거리 : 보험기간 동안 15,000km 초과 ~ 18,000km 이하② 고지방식 : 계기판 사진전송③ 차종 : 전 차종④ 보험기간 : 1년(단, 동일증권 추가시 3개월 이상)",대면/TM/CM/PM,대인1/대인2/대물/자손/무보험/자차,6
175,마일리지(후정산형)할인,삼성화재,Eco 마일리지 특별약관,"▶ 다음의 조건 모두 해당하는 경우에 한하여 가입 가능① 주행거리 조건 : 연간주행거리 1,000km 이하② 고지방식 조건 : 차량번호판 및 계기판 사진 전송③ 차종 조건 : 전 차종(전기차 및 수소차 외)④ 보험기간 조건 : 보험기간 1년(동일증권 추가차량은 3개월 이상)인 경우","대면, TM, CM, 플랫폼","대인1, 대인2, 대물, 자손, 무보험, 자차",40
176,마일리지(후정산형)할인,삼성화재,Eco 마일리지 특별약관,"▶ 다음의 조건 모두 해당하는 경우에 한하여 가입 가능① 주행거리 조건 : 연간주행거리 1,000km 이하② 고지방식 조건 : 차량번호판 및 계기판 사진 전송③ 차종 조건 : 전기차 및 수소차④ 보험기간 조건 : 보험기간 1년(동일증권 추가차량은 3개월 이상)인 경우","대면, TM, CM, 플랫폼","대인1, 대인2, 대물, 자손, 무보험, 자차",42
177,마일리지(후정산형)할인,삼성화재,Eco 마일리지 특별약관,"▶ 다음의 조건 모두 해당하는 경우에 한하여 가입 가능① 주행거리 조건 : 연간주행거리 2,000km 이하② 고지방식 조건 : 차량번호판 및 계기판 사진 전송③ 차종 조건 : 전 차종(전기차 및 수소차 외)④ 보험기간 조건 : 보험기간 1년(동일증권 추가차량은 3개월 이상)인 경우","대면, TM, CM, 플랫폼","대인1, 대인2, 대물, 자손, 무보험, 자차",34
178,마일리지(후정산형)할인,삼성화재,Eco 마일리지 특별약관,"▶ 다음의 조건 모두 해당하는 경우에 한하여 가입 가능① 주행거리 조건 : 연간주행거리 2,000km 이하② 고지방식 조건 : 차량번호판 및 계기판 사진 전송③ 차종 조건 : 전기차 및 수소차④ 보험기간 조건 : 보험기간 1년(동일증권 추가차량은 3개월 이상)인 경우","대면, TM, CM, 플랫폼","대인1, 대인2, 대물, 자손, 무보험, 자차",37
179,마일리지(후정산형)할인,삼성화재,Eco 마일리지 특별약관,"▶ 다음의 조건 모두 해당하는 경우에 한하여 가입 가능① 주행거리 조건 : 연간주행거리 3,000km 이하② 고지방식 조건 : 차량번호판 및 계기판 사진 전송③ 차종 조건 : 전 차종(전기차 및 수소차 외)④ 보험기간 조건 : 보험기간 1년(동일증권 추가차량은 3개월 이상)인 경우","대면, TM, CM, 플랫폼","대인1, 대인2, 대물, 자손, 무보험, 자차",28
180,마일리지(후정산형)할인,삼성화재,Eco 마일리지 특별약관,"▶ 다음의 조건 모두 해당하는 경우에 한하여 가입 가능① 주행거리 조건 : 연간주행거리 3,000km 이하② 고지방식 조건 : 차량번호판 및 계기판 사진 전송③ 차종 조건 : 전기차 및 수소차④ 보험기간 조건 : 보험기간 1년(동일증권 추가차량은 3개월 이상)인 경우","대면, TM, CM, 플랫폼","대인1, 대인2, 대물, 자손, 무보험, 자차",31
181,마일리지(후정산형)할인,삼성화재,Eco 마일리지 특별약관,"▶ 다음의 조건 모두 해당하는 경우에 한하여 가입 가능① 주행거리 조건 : 연간주행거리 4,000km 이하② 고지방식 조건 : 차량번호판 및 계기판 사진 전송③ 차종 조건 : 전 차종(전기차 및 수소차 외)④ 보험기간 조건 : 보험기간 1년(동일증권 추가차량은 3개월 이상)인 경우","대면, TM, CM, 플랫폼","대인1, 대인2, 대물, 자손, 무보험, 자차",25
182,마일리지(후정산형)할인,삼성화재,Eco 마일리지 특별약관,"▶ 다음의 조건 모두 해당하는 경우에 한하여 가입 가능① 주행거리 조건 : 연간주행거리 4,000km 이하② 고지방식 조건 : 차량번호판 및 계기판 사진 전송③ 차종 조건 : 전기차 및 수소차④ 보험기간 조건 : 보험기간 1년(동일증권 추가차량은 3개월 이상)인 경우","대면, TM, CM, 플랫폼","대인1, 대인2, 대물, 자손, 무보험, 자차",29
183,마일리지(후정산형)할인,삼성화재,Eco 마일리지 특별약관,"▶ 다음의 조건 모두 해당하는 경우에 한하여 가입 가능① 주행거리 조건 : 연간주행거리 5,000km 이하② 고지방식 조건 : 차량번호판 및 계기판 사진 전송③ 차종 조건 : 전 차종(전기차 및 수소차 외)④ 보험기간 조건 : 보험기간 1년(동일증권 추가차량은 3개월 이상)인 경우","대면, TM, CM, 플랫폼","대인1, 대인2, 대물, 자손, 무보험, 자차",23
184,마일리지(후정산형)할인,삼성화재,Eco 마일리지 특별약관,"▶ 다음의 조건 모두 해당하는 경우에 한하여 가입 가능① 주행거리 조건 : 연간주행거리 5,000km 이하② 고지방식 조건 : 차량번호판 및 계기판 사진 전송③ 차종 조건 : 전기차 및 수소차④ 보험기간 조건 : 보험기간 1년(동일증권 추가차량은 3개월 이상)인 경우","대면, TM, CM, 플랫폼","대인1, 대인2, 대물, 자손, 무보험, 자차",27
185,마일리지(후정산형)할인,삼성화재,Eco 마일리지 특별약관,"▶ 다음의 조건 모두 해당하는 경우에 한하여 가입 가능① 주행거리 조건 : 연간주행거리 6,000km 이하② 고지방식 조건 : 차량번호판 및 계기판 사진 전송③ 차종 조건 : 전 차종(전기차 및 수소차 외)④ 보험기간 조건 : 보험기간 1년(동일증권 추가차량은 3개월 이상)인 경우","대면, TM, CM, 플랫폼","대인1, 대인2, 대물, 자손, 무보험, 자차",22
186,마일리지(후정산형)할인,삼성화재,Eco 마일리지 특별약관,"▶ 다음의 조건 모두 해당하는 경우에 한하여 가입 가능① 주행거리 조건 : 연간주행거리 6,000km 이하② 고지방식 조건 : 차량번호판 및 계기판 사진 전송③ 차종 조건 : 전기차 및 수소차④ 보험기간 조건 : 보험기간 1년(동일증권 추가차량은 3개월 이상)인 경우","대면, TM, CM, 플랫폼","대인1, 대인2, 대물, 자손, 무보험, 자차",26
187,마일리지(후정산형)할인,삼성화재,Eco 마일리지 특별약관,"▶ 다음의 조건 모두 해당하는 경우에 한하여 가입 가능① 주행거리 조건 : 연간주행거리 8,000km 이하② 고지방식 조건 : 차량번호판 및 계기판 사진 전송③ 차종 조건 : 전 차종(전기차 및 수소차 외)④ 보험기간 조건 : 보험기간 1년(동일증권 추가차량은 3개월 이상)인 경우","대면, TM, CM, 플랫폼","대인1, 대인2, 대물, 자손, 무보험, 자차",20
188,마일리지(후정산형)할인,삼성화재,Eco 마일리지 특별약관,"▶ 다음의 조건 모두 해당하는 경우에 한하여 가입 가능① 주행거리 조건 : 연간주행거리 8,000km 이하② 고지방식 조건 : 차량번호판 및 계기판 사진 전송③ 차종 조건 : 전기차 및 수소차④ 보험기간 조건 : 보험기간 1년(동일증권 추가차량은 3개월 이상)인 경우","대면, TM, CM, 플랫폼","대인1, 대인2, 대물, 자손, 무보험, 자차",24
189,마일리지(후정산형)할인,삼성화재,Eco 마일리지 특별약관,"▶ 다음의 조건 모두 해당하는 경우에 한하여 가입 가능① 주행거리 조건 : 연간주행거리 10,000km 이하② 고지방식 조건 : 차량번호판 및 계기판 사진 전송③ 차종 조건 : 전 차종(전기차 및 수소차 외)④ 보험기간 조건 : 보험기간 1년(동일증권 추가차량은 3개월 이상)인 경우","대면, TM, CM, 플랫폼","대인1, 대인2, 대물, 자손, 무보험, 자차",16
190,마일리지(후정산형)할인,삼성화재,Eco 마일리지 특별약관,"▶ 다음의 조건 모두 해당하는 경우에 한하여 가입 가능① 주행거리 조건 : 연간주행거리 10,000km 이하② 고지방식 조건 : 차량번호판 및 계기판 사진 전송③ 차종 조건 : 전기차 및 수소차④ 보험기간 조건 : 보험기간 1년(동일증권 추가차량은 3개월 이상)인 경우","대면, TM, CM, 플랫폼","대인1, 대인2, 대물, 자손, 무보험, 자차",20
191,마일리지(후정산형)할인,삼성화재,Eco 마일리지 특별약관,"▶ 다음의 조건 모두 해당하는 경우에 한하여 가입 가능① 주행거리 조건 : 연간주행거리 12,000km 이하② 고지방식 조건 : 차량번호판 및 계기판 사진 전송③ 차종 조건 : 전 차종(전기차 및 수소차 외)④ 보험기간 조건 : 보험기간 1년(동일증권 추가차량은 3개월 이상)인 경우","대면, TM, CM, 플랫폼","대인1, 대인2, 대물, 자손, 무보험, 자차",5
192,마일리지(후정산형)할인,삼성화재,Eco 마일리지 특별약관,"▶ 다음의 조건 모두 해당하는 경우에 한하여 가입 가능① 주행거리 조건 : 연간주행거리 12,000km 이하② 고지방식 조건 : 차량번호판 및 계기판 사진 전송③ 차종 조건 : 전기차 및 수소차④ 보험기간 조건 : 보험기간 1년(동일증권 추가차량은 3개월 이상)인 경우","대면, TM, CM, 플랫폼","대인1, 대인2, 대물, 자손, 무보험, 자차",10
193,마일리지(후정산형)할인,삼성화재,Eco 마일리지 특별약관,"▶ 다음의 조건 모두 해당하는 경우에 한하여 가입 가능① 주행거리 조건 : 연간주행거리 15,000km 이하② 고지방식 조건 : 차량번호판 및 계기판 사진 전송③ 차종 조건 : 전차종④ 보험기간 조건 : 보험기간 1년(동일증권 추가차량은 3개월 이상)인 경우","대면, TM, CM, 플랫폼","대인1, 대인2, 대물, 자손, 무보험, 자차",2
194,마일리지(후정산형)할인,현대해상,Eco 마일리지 특별약관,"▶ 다음의 조건 모두 해당하는 경우에 한하여 가입 가능① 주행거리 : 보험기간 동안 1,000km 이하② 고지방식 : 계기판 사진전송③ 차종 : 전 차종④ 보험기간 : 1년(단, 동일증권 추가시 3개월 이상)",대면/TM/CM/플랫폼,대인1/대인2/대물/자손/무보험/자차,45
195,마일리지(후정산형)할인,현대해상,Eco 마일리지 특별약관,"▶ 다음의 조건 모두 해당하는 경우에 한하여 가입 가능① 주행거리 : 보험기간 동안 1,000km 초과, 3,000km 이하② 고지방식 : 계기판 사진전송③ 차종 : 전 차종④ 보험기간 : 1년(단, 동일증권 추가시 3개월 이상)",대면/TM/CM/플랫폼,대인1/대인2/대물/자손/무보험/자차,36
196,마일리지(후정산형)할인,현대해상,Eco 마일리지 특별약관,"▶ 다음의 조건 모두 해당하는 경우에 한하여 가입 가능① 주행거리 : 보험기간 동안 3,000km 초과 5,000km 이하② 고지방식 : 계기판 사진전송③ 차종 : 전 차종④ 보험기간 : 1년(단, 동일증권 추가시 3개월 이상)",대면/TM/CM/플랫폼,대인1/대인2/대물/자손/무보험/자차,29
197,마일리지(후정산형)할인,현대해상,Eco 마일리지 특별약관,"▶ 다음의 조건 모두 해당하는 경우에 한하여 가입 가능① 주행거리 : 보험기간 동안 5,000km 초과 8,000km 이하② 고지방식 : 계기판 사진전송③ 차종 : 전 차종④ 보험기간 : 1년(단, 동일증권 추가시 3개월 이상)",대면/TM/CM/플랫폼,대인1/대인2/대물/자손/무보험/자차,22
198,마일리지(후정산형)할인,현대해상,Eco 마일리지 특별약관,"▶ 다음의 조건 모두 해당하는 경우에 한하여 가입 가능① 주행거리 : 보험기간 동안 8,000km 초과 10,000km 이하② 고지방식 : 계기판 사진전송③ 차종 : 전 차종④ 보험기간 : 1년(단, 동일증권 추가시 3개월 이상)",대면/TM/CM/플랫폼,대인1/대인2/대물/자손/무보험/자차,18
199,마일리지(후정산형)할인,현대해상,Eco 마일리지 특별약관,"▶ 다음의 조건 모두 해당하는 경우에 한하여 가입 가능① 주행거리 : 보험기간 동안 10,000km 초과 12,000km 이하② 고지방식 : 계기판 사진전송③ 차종 : 전 차종④ 보험기간 : 1년(단, 동일증권 추가시 3개월 이상)",대면/TM/CM/플랫폼,대인1/대인2/대물/자손/무보험/자차,8
200,마일리지(후정산형)할인,현대해상,Eco 마일리지 특별약관,"▶ 다음의 조건 모두 해당하는 경우에 한하여 가입 가능① 주행거리 : 보험기간 동안 12,000km 초과 15,000km 이하② 고지방식 : 계기판 사진전송③ 차종 : 전 차종④ 보험기간 : 1년(단, 동일증권 추가시 3개월 이상)",대면/TM/CM/플랫폼,대인1/대인2/대물/자손/무보험/자차,5
201,마일리지(후정산형)할인,현대해상,Eco 마일리지 특별약관,"▶ 다음의 조건 모두 해당하는 경우에 한하여 가입 가능① 주행거리 : 보험기간 동안 1,000km 이하② 고지방식 : 운행정보 확인장치방식③ 차종 : 전 차종④ 보험기간 : 1년(단, 동일증권 추가시 3개월 이상)",대면/TM/CM/플랫폼,대인1/대인2/대물/자손/무보험/자차,46
202,마일리지(후정산형)할인,현대해상,Eco 마일리지 특별약관,"▶ 다음의 조건 모두 해당하는 경우에 한하여 가입 가능① 주행거리 : 보험기간 동안 1,000km 초과 3,000km 이하② 고지방식 : 운행정보 확인장치방식③ 차종 : 전 차종④ 보험기간 : 1년(단, 동일증권 추가시 3개월 이상)",대면/TM/CM/플랫폼,대인1/대인2/대물/자손/무보험/자차,38
203,마일리지(후정산형)할인,현대해상,Eco 마일리지 특별약관,"▶ 다음의 조건 모두 해당하는 경우에 한하여 가입 가능① 주행거리 : 보험기간 동안 3,000km 초과 5,000km 이하② 고지방식 : 운행정보 확인장치방식③ 차종 : 전 차종④ 보험기간 : 1년(단, 동일증권 추가시 3개월 이상)",대면/TM/CM/플랫폼,대인1/대인2/대물/자손/무보험/자차,31
204,마일리지(후정산형)할인,현대해상,Eco 마일리지 특별약관,"▶ 다음의 조건 모두 해당하는 경우에 한하여 가입 가능① 주행거리 : 보험기간 동안 5,000km 초과 8,000km 이하② 고지방식 : 운행정보 확인장치방식③ 차종 : 전 차종④ 보험기간 : 1년(단, 동일증권 추가시 3개월 이상)",대면/TM/CM/플랫폼,대인1/대인2/대물/자손/무보험/자차,24
205,마일리지(후정산형)할인,현대해상,Eco 마일리지 특별약관,"▶ 다음의 조건 모두 해당하는 경우에 한하여 가입 가능① 주행거리 : 보험기간 동안 8,000km 초과 10,000km 이하② 고지방식 : 운행정보 확인장치방식③ 차종 : 전 차종④ 보험기간 : 1년(단, 동일증권 추가시 3개월 이상)",대면/TM/CM/플랫폼,대인1/대인2/대물/자손/무보험/자차,20
206,마일리지(후정산형)할인,현대해상,Eco 마일리지 특별약관,"▶ 다음의 조건 모두 해당하는 경우에 한하여 가입 가능① 주행거리 : 보험기간 동안 10,000km 초과 12,000km 이하② 고지방식 : 운행정보 확인장치방식③ 차종 : 전 차종④ 보험기간 : 1년(단, 동일증권 추가시 3개월 이상)",대면/TM/CM/플랫폼,대인1/대인2/대물/자손/무보험/자차,10
207,마일리지(후정산형)할인,현대해상,Eco 마일리지 특별약관,"▶ 다음의 조건 모두 해당하는 경우에 한하여 가입 가능① 주행거리 : 보험기간 동안 12,000km 초과 15,000km 이하② 고지방식 : 운행정보 확인장치방식③ 차종 : 전 차종④ 보험기간 : 1년(단, 동일증권 추가시 3개월 이상)",대면/TM/CM/플랫폼,대인1/대인2/대물/자손/무보험/자차,7
208,마일리지(후정산형)할인,KB손보,마일리지 할인 특별약관(사진전송방식),"▶ 다음의 조건 모두 해당하는 경우에 한하여 가입 가능① 운행거리가 2,000km 이하인 경우② 사진촬영 방식③ 전차종④ 보험기간이 1년인 경우",대면/TM/CM/PM,대인1/대인2/대물/자손/무보험/자차,35
209,마일리지(후정산형)할인,KB손보,마일리지 할인 특별약관(사진전송방식),"▶ 다음의 조건 모두 해당하는 경우에 한하여 가입 가능① 운행거리가 2,000km 초과 4,000km 이하인 경우② 사진촬영 방식③ 전차종④ 보험기간이 1년인 경우",대면/TM/CM/PM,대인1/대인2/대물/자손/무보험/자차,30
210,마일리지(후정산형)할인,KB손보,마일리지 할인 특별약관(사진전송방식),"▶ 다음의 조건 모두 해당하는 경우에 한하여 가입 가능① 운행거리가 4,000km 초과 6,000km 이하인 경우② 사진촬영 방식③ 전차종④ 보험기간이 1년인 경우",대면/TM/CM/PM,대인1/대인2/대물/자손/무보험/자차,26
211,마일리지(후정산형)할인,KB손보,마일리지 할인 특별약관(사진전송방식),"▶ 다음의 조건 모두 해당하는 경우에 한하여 가입 가능① 운행거리가 6,000km 초과 8,000km 이하인 경우② 사진촬영 방식③ 전차종④ 보험기간이 1년인 경우",대면/TM/CM/PM,대인1/대인2/대물/자손/무보험/자차,20.5
212,마일리지(후정산형)할인,KB손보,마일리지 할인 특별약관(사진전송방식),"▶ 다음의 조건 모두 해당하는 경우에 한하여 가입 가능① 운행거리가 8,000km 초과 10,000km 이하인 경우② 사진촬영 방식③ 전차종④ 보험기간이 1년인 경우",대면/TM/CM/PM,대인1/대인2/대물/자손/무보험/자차,17
213,마일리지(후정산형)할인,KB손보,마일리지 할인 특별약관(사진전송방식),"▶ 다음의 조건 모두 해당하는 경우에 한하여 가입 가능① 운행거리가 10,000km 초과 12,000km 이하인 경우② 사진촬영 방식③ 전차종④ 보험기간이 1년인 경우",대면/TM/CM/PM,대인1/대인2/대물/자손/무보험/자차,7.1
214,마일리지(후정산형)할인,KB손보,마일리지 할인 특별약관(사진전송방식),"▶ 다음의 조건 모두 해당하는 경우에 한하여 가입 가능① 운행거리가 12,000km 초과 15,000km 이하인 경우② 사진촬영 방식③ 전차종④ 보험기간이 1년인 경우",대면/TM/CM/PM,대인1/대인2/대물/자손/무보험/자차,5
215,마일리지(후정산형)할인,KB손보,마일리지 할인 특별약관(운행정보확인장치방식),"▶ 다음의 조건 모두 해당하는 경우에 한하여 가입 가능① 운행거리가 2,000km 이하인 경우② 운행정보확인장치방식③ 전차종④ 보험기간이 1년인 경우",대면/TM/CM/PM,대인1/대인2/대물/자손/무보험/자차,37.4
216,마일리지(후정산형)할인,KB손보,마일리지 할인 특별약관(운행정보확인장치방식),"▶ 다음의 조건 모두 해당하는 경우에 한하여 가입 가능① 운행거리가 2,000km 초과 4,000km 이하인 경우② 운행정보확인장치방식③ 전차종④ 보험기간이 1년인 경우",대면/TM/CM/PM,대인1/대인2/대물/자손/무보험/자차,34
217,마일리지(후정산형)할인,KB손보,마일리지 할인 특별약관(운행정보확인장치방식),"▶ 다음의 조건 모두 해당하는 경우에 한하여 가입 가능① 운행거리가 4,000km 초과 6,000km 이하인 경우② 운행정보확인장치방식③ 전차종④ 보험기간이 1년인 경우",대면/TM/CM/PM,대인1/대인2/대물/자손/무보험/자차,27.7
218,마일리지(후정산형)할인,KB손보,마일리지 할인 특별약관(운행정보확인장치방식),"▶ 다음의 조건 모두 해당하는 경우에 한하여 가입 가능① 운행거리가 6,000km 초과 8,000km 이하인 경우② 운행정보확인장치방식③ 전차종④ 보험기간이 1년인 경우",대면/TM/CM/PM,대인1/대인2/대물/자손/무보험/자차,24.9
219,마일리지(후정산형)할인,KB손보,마일리지 할인 특별약관(운행정보확인장치방식),"▶ 다음의 조건 모두 해당하는 경우에 한하여 가입 가능① 운행거리가 8,000km 초과 10,000km 이하인 경우② 운행정보확인장치방식③ 전차종④ 보험기간이 1년인 경우",대면/TM/CM/PM,대인1/대인2/대물/자손/무보험/자차,19.8
220,마일리지(후정산형)할인,KB손보,마일리지 할인 특별약관(운행정보확인장치방식),"▶ 다음의 조건 모두 해당하는 경우에 한하여 가입 가능① 운행거리가 10,000km 초과 12,000km 이하인 경우② 운행정보확인장치방식③ 전차종④ 보험기간이 1년인 경우",대면/TM/CM/PM,대인1/대인2/대물/자손/무보험/자차,12.7
221,마일리지(후정산형)할인,KB손보,마일리지 할인 특별약관(운행정보확인장치방식),"▶ 다음의 조건 모두 해당하는 경우에 한하여 가입 가능① 운행거리가 12,000km 초과 15,000km 이하인 경우② 사진촬영 방식③ 전차종④ 보험기간이 1년인 경우",대면/TM/CM/PM,대인1/대인2/대물/자손/무보험/자차,9
222,마일리지(후정산형)할인,DB손보,주행거리 후할인 특별약관,"▶ 다음의 조건 모두 해당하는 경우에 한하여 가입 가능① 주행거리 : 보험기간 동안 1,000Km 이하② 고지방식 : 1)계기판 사진전송 2)보험개발원 조회를 통한 직전계약 최종 주행거리정보 확인③ 차종  : 다인 승용④ 보험기간 : 1년(단, 추가가입과 동일증권 추가 시 3개월 이상)⑤ 피보험자 연령 : 만29세 이하",대면/TM/CM/플랫폼,"대인1/대인2/대물/
자손/무보험/자차",47
223,마일리지(후정산형)할인,DB손보,주행거리 후할인 특별약관,"▶ 다음의 조건 모두 해당하는 경우에 한하여 가입 가능① 주행거리 : 보험기간 동안 1,000Km 초과 ~ 2,000Km 이하② 고지방식 : 1)계기판 사진전송 2)보험개발원 조회를 통한 직전계약 최종 주행거리정보 확인③ 차종  : 다인 승용④ 보험기간 : 1년(단, 추가가입과 동일증권 추가 시 3개월 이상)⑤ 피보험자 연령 : 만29세 이하",대면/TM/CM/플랫폼,"대인1/대인2/대물/
자손/무보험/자차",40
224,마일리지(후정산형)할인,DB손보,주행거리 후할인 특별약관,"▶ 다음의 조건 모두 해당하는 경우에 한하여 가입 가능① 주행거리 : 보험기간 동안 2,000Km 초과 ~ 3,000Km 이하② 고지방식 : 1)계기판 사진전송 2)보험개발원 조회를 통한 직전계약 최종 주행거리정보 확인③ 차종  : 다인 승용④ 보험기간 : 1년(단, 추가가입과 동일증권 추가 시 3개월 이상)⑤ 피보험자 연령 : 만29세 이하",대면/TM/CM/플랫폼,"대인1/대인2/대물/
자손/무보험/자차",33
225,마일리지(후정산형)할인,DB손보,주행거리 후할인 특별약관,"▶ 다음의 조건 모두 해당하는 경우에 한하여 가입 가능① 주행거리 : 보험기간 동안 3,000Km 초과 ~ 4,000Km 이하② 고지방식 : 1)계기판 사진전송 2)보험개발원 조회를 통한 직전계약 최종 주행거리정보 확인③ 차종  : 다인 승용④ 보험기간 : 1년(단, 추가가입과 동일증권 추가 시 3개월 이상)⑤ 피보험자 연령 : 만29세 이하",대면/TM/CM/플랫폼,"대인1/대인2/대물/
자손/무보험/자차",31
226,마일리지(후정산형)할인,DB손보,주행거리 후할인 특별약관,"▶ 다음의 조건 모두 해당하는 경우에 한하여 가입 가능① 주행거리 : 보험기간 동안 4,000Km 초과 ~ 5,000Km 이하② 고지방식 : 1)계기판 사진전송 2)보험개발원 조회를 통한 직전계약 최종 주행거리정보 확인③ 차종  : 다인 승용④ 보험기간 : 1년(단, 추가가입과 동일증권 추가 시 3개월 이상)⑤ 피보험자 연령 : 만29세 이하",대면/TM/CM/플랫폼,"대인1/대인2/대물/
자손/무보험/자차",29
227,마일리지(후정산형)할인,DB손보,주행거리 후할인 특별약관,"▶ 다음의 조건 모두 해당하는 경우에 한하여 가입 가능① 주행거리 : 보험기간 동안 5,000Km 초과 ~ 6,000Km 이하② 고지방식 : 1)계기판 사진전송 2)보험개발원 조회를 통한 직전계약 최종 주행거리정보 확인③ 차종  : 다인 승용④ 보험기간 : 1년(단, 추가가입과 동일증권 추가 시 3개월 이상)⑤ 피보험자 연령 : 만29세 이하",대면/TM/CM/플랫폼,"대인1/대인2/대물/
자손/무보험/자차",28
228,마일리지(후정산형)할인,DB손보,주행거리 후할인 특별약관,"▶ 다음의 조건 모두 해당하는 경우에 한하여 가입 가능① 주행거리 : 보험기간 동안 6,000Km 초과 ~ 7,000Km 이하② 고지방식 : 1)계기판 사진전송 2)보험개발원 조회를 통한 직전계약 최종 주행거리정보 확인③ 차종  : 다인 승용④ 보험기간 : 1년(단, 추가가입과 동일증권 추가 시 3개월 이상)⑤ 피보험자 연령 : 만29세 이하",대면/TM/CM/플랫폼,"대인1/대인2/대물/
자손/무보험/자차",27
229,마일리지(후정산형)할인,DB손보,주행거리 후할인 특별약관,"▶ 다음의 조건 모두 해당하는 경우에 한하여 가입 가능① 주행거리 : 보험기간 동안 7,000Km 초과 ~ 8,000Km 이하② 고지방식 : 1)계기판 사진전송 2)보험개발원 조회를 통한 직전계약 최종 주행거리정보 확인③ 차종  : 다인 승용④ 보험기간 : 1년(단, 추가가입과 동일증권 추가 시 3개월 이상)⑤ 피보험자 연령 : 만29세 이하",대면/TM/CM/플랫폼,"대인1/대인2/대물/
자손/무보험/자차",25
230,마일리지(후정산형)할인,DB손보,주행거리 후할인 특별약관,"▶ 다음의 조건 모두 해당하는 경우에 한하여 가입 가능① 주행거리 : 보험기간 동안 8,000Km 초과 ~ 9,000Km 이하② 고지방식 : 1)계기판 사진전송 2)보험개발원 조회를 통한 직전계약 최종 주행거리정보 확인③ 차종  : 다인 승용④ 보험기간 : 1년(단, 추가가입과 동일증권 추가 시 3개월 이상)⑤ 피보험자 연령 : 만29세 이하",대면/TM/CM/플랫폼,"대인1/대인2/대물/
자손/무보험/자차",24
231,마일리지(후정산형)할인,DB손보,주행거리 후할인 특별약관,"▶ 다음의 조건 모두 해당하는 경우에 한하여 가입 가능① 주행거리 : 보험기간 동안 9,000Km 초과 ~ 10,000Km 이하② 고지방식 : 1)계기판 사진전송 2)보험개발원 조회를 통한 직전계약 최종 주행거리정보 확인③ 차종  : 일반 승용④ 보험기간 : 1년(단, 추가가입과 동일증권 추가 시 3개월 이상)⑤ 피보험자 연령 : 만29세 이하",대면/TM/CM/플랫폼,"대인1/대인2/대물/
자손/무보험/자차",23
232,마일리지(후정산형)할인,DB손보,주행거리 후할인 특별약관,"▶ 다음의 조건 모두 해당하는 경우에 한하여 가입 가능① 주행거리 : 보험기간 동안 10,000Km 초과 ~ 12,000Km 이하② 고지방식 : 1)계기판 사진전송 2)보험개발원 조회를 통한 직전계약 최종 주행거리정보 확인③ 차종  : 다인 승용④ 보험기간 : 1년(단, 추가가입과 동일증권 추가 시 3개월 이상)⑤ 피보험자 연령 : 만29세 이하",대면/TM/CM/플랫폼,"대인1/대인2/대물/
자손/무보험/자차",14
233,마일리지(후정산형)할인,DB손보,주행거리 후할인 특별약관,"▶ 다음의 조건 모두 해당하는 경우에 한하여 가입 가능① 주행거리 : 보험기간 동안 12,000Km 초과 ~ 15,000Km 이하② 고지방식 : 1)계기판 사진전송 2)보험개발원 조회를 통한 직전계약 최종 주행거리정보 확인③ 차종  : 다인 승용④ 보험기간 : 1년(단, 추가가입과 동일증권 추가 시 3개월 이상)⑤ 피보험자 연령 : 만29세 이하",대면/TM/CM/플랫폼,"대인1/대인2/대물/
자손/무보험/자차",11
234,마일리지(후정산형)할인,DB손보,주행거리 후할인 특별약관,"▶ 다음의 조건 모두 해당하는 경우에 한하여 가입 가능① 주행거리 : 보험기간 동안 1,000Km 이하② 고지방식 : 1)계기판 사진전송 2)보험개발원 조회를 통한 직전계약 최종 주행거리정보 확인③ 차종  : 개인 승용④ 보험기간 : 1년(단, 추가가입과 동일증권 추가 시 3개월 이상)⑤ 피보험자 연령 : 만29세 이하",대면/TM/CM/플랫폼,"대인1/대인2/대물/
자손/무보험/자차",44
235,마일리지(후정산형)할인,DB손보,주행거리 후할인 특별약관,"▶ 다음의 조건 모두 해당하는 경우에 한하여 가입 가능① 주행거리 : 보험기간 동안 1,000Km 초과 ~ 2,000Km 이하② 고지방식 : 1)계기판 사진전송 2)보험개발원 조회를 통한 직전계약 최종 주행거리정보 확인③ 차종  : 개인 승용④ 보험기간 : 1년(단, 추가가입과 동일증권 추가 시 3개월 이상)⑤ 피보험자 연령 : 만29세 이하",대면/TM/CM/플랫폼,"대인1/대인2/대물/
자손/무보험/자차",37
236,마일리지(후정산형)할인,DB손보,주행거리 후할인 특별약관,"▶ 다음의 조건 모두 해당하는 경우에 한하여 가입 가능① 주행거리 : 보험기간 동안 2,000Km 초과 ~ 3,000Km 이하② 고지방식 : 1)계기판 사진전송 2)보험개발원 조회를 통한 직전계약 최종 주행거리정보 확인③ 차종  : 개인 승용④ 보험기간 : 1년(단, 추가가입과 동일증권 추가 시 3개월 이상)⑤ 피보험자 연령 : 만29세 이하",대면/TM/CM/플랫폼,"대인1/대인2/대물/
자손/무보험/자차",29
237,마일리지(후정산형)할인,DB손보,주행거리 후할인 특별약관,"▶ 다음의 조건 모두 해당하는 경우에 한하여 가입 가능① 주행거리 : 보험기간 동안 3,000Km 초과 ~ 4,000Km 이하② 고지방식 : 1)계기판 사진전송 2)보험개발원 조회를 통한 직전계약 최종 주행거리정보 확인③ 차종  : 개인 승용④ 보험기간 : 1년(단, 추가가입과 동일증권 추가 시 3개월 이상)⑤ 피보험자 연령 : 만29세 이하",대면/TM/CM/플랫폼,"대인1/대인2/대물/
자손/무보험/자차",27
238,마일리지(후정산형)할인,DB손보,주행거리 후할인 특별약관,"▶ 다음의 조건 모두 해당하는 경우에 한하여 가입 가능① 주행거리 : 보험기간 동안 4,000Km 초과 ~ 5,000Km 이하② 고지방식 : 1)계기판 사진전송 2)보험개발원 조회를 통한 직전계약 최종 주행거리정보 확인③ 차종  : 개인 승용④ 보험기간 : 1년(단, 추가가입과 동일증권 추가 시 3개월 이상)⑤ 피보험자 연령 : 만29세 이하",대면/TM/CM/플랫폼,"대인1/대인2/대물/
자손/무보험/자차",26
239,마일리지(후정산형)할인,DB손보,주행거리 후할인 특별약관,"▶ 다음의 조건 모두 해당하는 경우에 한하여 가입 가능① 주행거리 : 보험기간 동안 5,000Km 초과 ~ 6,000Km 이하② 고지방식 : 1)계기판 사진전송 2)보험개발원 조회를 통한 직전계약 최종 주행거리정보 확인③ 차종  : 개인 승용④ 보험기간 : 1년(단, 추가가입과 동일증권 추가 시 3개월 이상)⑤ 피보험자 연령 : 만29세 이하",대면/TM/CM/플랫폼,"대인1/대인2/대물/
자손/무보험/자차",24
240,마일리지(후정산형)할인,DB손보,주행거리 후할인 특별약관,"▶ 다음의 조건 모두 해당하는 경우에 한하여 가입 가능① 주행거리 : 보험기간 동안 6,000Km 초과 ~ 7,000Km 이하② 고지방식 : 1)계기판 사진전송 2)보험개발원 조회를 통한 직전계약 최종 주행거리정보 확인③ 차종  : 개인 승용④ 보험기간 : 1년(단, 추가가입과 동일증권 추가 시 3개월 이상)⑤ 피보험자 연령 : 만29세 이하",대면/TM/CM/플랫폼,"대인1/대인2/대물/
자손/무보험/자차",24
241,마일리지(후정산형)할인,DB손보,주행거리 후할인 특별약관,"▶ 다음의 조건 모두 해당하는 경우에 한하여 가입 가능① 주행거리 : 보험기간 동안 7,000Km 초과 ~ 8,000Km 이하② 고지방식 : 1)계기판 사진전송 2)보험개발원 조회를 통한 직전계약 최종 주행거리정보 확인③ 차종  : 개인 승용④ 보험기간 : 1년(단, 추가가입과 동일증권 추가 시 3개월 이상)⑤ 피보험자 연령 : 만29세 이하",대면/TM/CM/플랫폼,"대인1/대인2/대물/
자손/무보험/자차",23
242,마일리지(후정산형)할인,DB손보,주행거리 후할인 특별약관,"▶ 다음의 조건 모두 해당하는 경우에 한하여 가입 가능① 주행거리 : 보험기간 동안 8,000Km 초과 ~ 9,000Km 이하② 고지방식 : 1)계기판 사진전송 2)보험개발원 조회를 통한 직전계약 최종 주행거리정보 확인③ 차종  : 개인 승용④ 보험기간 : 1년(단, 추가가입과 동일증권 추가 시 3개월 이상)⑤ 피보험자 연령 : 만29세 이하",대면/TM/CM/플랫폼,"대인1/대인2/대물/
자손/무보험/자차",21
243,마일리지(후정산형)할인,DB손보,주행거리 후할인 특별약관,"▶ 다음의 조건 모두 해당하는 경우에 한하여 가입 가능① 주행거리 : 보험기간 동안 9,000Km 초과 ~ 10,000Km 이하② 고지방식 : 1)계기판 사진전송 2)보험개발원 조회를 통한 직전계약 최종 주행거리정보 확인③ 차종  : 개인 승용④ 보험기간 : 1년(단, 추가가입과 동일증권 추가 시 3개월 이상)⑤ 피보험자 연령 : 만29세 이하",대면/TM/CM/플랫폼,"대인1/대인2/대물/
자손/무보험/자차",20
244,마일리지(후정산형)할인,DB손보,주행거리 후할인 특별약관,"▶ 다음의 조건 모두 해당하는 경우에 한하여 가입 가능① 주행거리 : 보험기간 동안 10,000Km 초과 ~ 12,000Km 이하② 고지방식 : 1)계기판 사진전송 2)보험개발원 조회를 통한 직전계약 최종 주행거리정보 확인③ 차종  : 개인 승용④ 보험기간 : 1년(단, 추가가입과 동일증권 추가 시 3개월 이상)⑤ 피보험자 연령 : 만29세 이하",대면/TM/CM/플랫폼,"대인1/대인2/대물/
자손/무보험/자차",14
245,마일리지(후정산형)할인,DB손보,주행거리 후할인 특별약관,"▶ 다음의 조건 모두 해당하는 경우에 한하여 가입 가능① 주행거리 : 보험기간 동안 12,000Km 초과 ~ 15,000Km 이하② 고지방식 : 1)계기판 사진전송 2)보험개발원 조회를 통한 직전계약 최종 주행거리정보 확인③ 차종  : 개인 승용④ 보험기간 : 1년(단, 추가가입과 동일증권 추가 시 3개월 이상)⑤ 피보험자 연령 : 만29세 이하",대면/TM/CM/플랫폼,"대인1/대인2/대물/
자손/무보험/자차",11
246,마일리지(후정산형)할인,DB손보,주행거리 후할인 특별약관,"▶ 다음의 조건 모두 해당하는 경우에 한하여 가입 가능① 주행거리 : 보험기간 동안 1,000Km 이하② 고지방식 : 1)계기판 사진전송 2)보험개발원 조회를 통한 직전계약 최종 주행거리정보 확인③ 차종  : 수소, 전기차④ 보험기간 : 1년(단, 추가가입과 동일증권 추가 시 3개월 이상)⑤ 피보험자 연령 : 만29세 이하",대면/TM/CM/플랫폼,"대인1/대인2/대물/
자손/무보험/자차",46
247,마일리지(후정산형)할인,DB손보,주행거리 후할인 특별약관,"▶ 다음의 조건 모두 해당하는 경우에 한하여 가입 가능① 주행거리 : 보험기간 동안 1,000Km 초과 ~ 2,000Km 이하② 고지방식 : 1)계기판 사진전송 2)보험개발원 조회를 통한 직전계약 최종 주행거리정보 확인③ 차종  : 수소, 전기차④ 보험기간 : 1년(단, 추가가입과 동일증권 추가 시 3개월 이상)⑤ 피보험자 연령 : 만29세 이하",대면/TM/CM/플랫폼,"대인1/대인2/대물/
자손/무보험/자차",39
248,마일리지(후정산형)할인,DB손보,주행거리 후할인 특별약관,"▶ 다음의 조건 모두 해당하는 경우에 한하여 가입 가능① 주행거리 : 보험기간 동안 2,000Km 초과 ~ 3,000Km 이하② 고지방식 : 1)계기판 사진전송 2)보험개발원 조회를 통한 직전계약 최종 주행거리정보 확인③ 차종  : 수소, 전기차④ 보험기간 : 1년(단, 추가가입과 동일증권 추가 시 3개월 이상)⑤ 피보험자 연령 : 만29세 이하",대면/TM/CM/플랫폼,"대인1/대인2/대물/
자손/무보험/자차",32
249,마일리지(후정산형)할인,DB손보,주행거리 후할인 특별약관,"▶ 다음의 조건 모두 해당하는 경우에 한하여 가입 가능① 주행거리 : 보험기간 동안 3,000Km 초과 ~ 4,000Km 이하② 고지방식 : 1)계기판 사진전송 2)보험개발원 조회를 통한 직전계약 최종 주행거리정보 확인③ 차종  : 수소, 전기차④ 보험기간 : 1년(단, 추가가입과 동일증권 추가 시 3개월 이상)⑤ 피보험자 연령 : 만29세 이하",대면/TM/CM/플랫폼,"대인1/대인2/대물/
자손/무보험/자차",30
250,마일리지(후정산형)할인,DB손보,주행거리 후할인 특별약관,"▶ 다음의 조건 모두 해당하는 경우에 한하여 가입 가능① 주행거리 : 보험기간 동안 4,000Km 초과 ~ 5,000Km 이하② 고지방식 : 1)계기판 사진전송 2)보험개발원 조회를 통한 직전계약 최종 주행거리정보 확인③ 차종  : 수소, 전기차④ 보험기간 : 1년(단, 추가가입과 동일증권 추가 시 3개월 이상)⑤ 피보험자 연령 : 만29세 이하",대면/TM/CM/플랫폼,"대인1/대인2/대물/
자손/무보험/자차",29
251,마일리지(후정산형)할인,DB손보,주행거리 후할인 특별약관,"▶ 다음의 조건 모두 해당하는 경우에 한하여 가입 가능① 주행거리 : 보험기간 동안 5,000Km 초과 ~ 6,000Km 이하② 고지방식 : 1)계기판 사진전송 2)보험개발원 조회를 통한 직전계약 최종 주행거리정보 확인③ 차종  : 수소, 전기차④ 보험기간 : 1년(단, 추가가입과 동일증권 추가 시 3개월 이상)⑤ 피보험자 연령 : 만29세 이하",대면/TM/CM/플랫폼,"대인1/대인2/대물/
자손/무보험/자차",27
252,마일리지(후정산형)할인,DB손보,주행거리 후할인 특별약관,"▶ 다음의 조건 모두 해당하는 경우에 한하여 가입 가능① 주행거리 : 보험기간 동안 6,000Km 초과 ~ 7,000Km 이하② 고지방식 : 1)계기판 사진전송 2)보험개발원 조회를 통한 직전계약 최종 주행거리정보 확인③ 차종  : 수소, 전기차④ 보험기간 : 1년(단, 추가가입과 동일증권 추가 시 3개월 이상)⑤ 피보험자 연령 : 만29세 이하",대면/TM/CM/플랫폼,"대인1/대인2/대물/
자손/무보험/자차",26
253,마일리지(후정산형)할인,DB손보,주행거리 후할인 특별약관,"▶ 다음의 조건 모두 해당하는 경우에 한하여 가입 가능① 주행거리 : 보험기간 동안 7,000Km 초과 ~ 8,000Km 이하② 고지방식 : 1)계기판 사진전송 2)보험개발원 조회를 통한 직전계약 최종 주행거리정보 확인③ 차종  : 수소, 전기차④ 보험기간 : 1년(단, 추가가입과 동일증권 추가 시 3개월 이상)⑤ 피보험자 연령 : 만29세 이하",대면/TM/CM/플랫폼,"대인1/대인2/대물/
자손/무보험/자차",24
254,마일리지(후정산형)할인,DB손보,주행거리 후할인 특별약관,"▶ 다음의 조건 모두 해당하는 경우에 한하여 가입 가능① 주행거리 : 보험기간 동안 8,000Km 초과 ~ 9,000Km 이하② 고지방식 : 1)계기판 사진전송 2)보험개발원 조회를 통한 직전계약 최종 주행거리정보 확인③ 차종  : 수소, 전기차④ 보험기간 : 1년(단, 추가가입과 동일증권 추가 시 3개월 이상)⑤ 피보험자 연령 : 만29세 이하",대면/TM/CM/플랫폼,"대인1/대인2/대물/
자손/무보험/자차",24
255,마일리지(후정산형)할인,DB손보,주행거리 후할인 특별약관,"▶ 다음의 조건 모두 해당하는 경우에 한하여 가입 가능① 주행거리 : 보험기간 동안 9,000Km 초과 ~ 10,000Km 이하② 고지방식 : 1)계기판 사진전송 2)보험개발원 조회를 통한 직전계약 최종 주행거리정보 확인③ 차종  : 수소, 전기차④ 보험기간 : 1년(단, 추가가입과 동일증권 추가 시 3개월 이상)⑤ 피보험자 연령 : 만29세 이하",대면/TM/CM/플랫폼,"대인1/대인2/대물/
자손/무보험/자차",23
256,마일리지(후정산형)할인,DB손보,주행거리 후할인 특별약관,"▶ 다음의 조건 모두 해당하는 경우에 한하여 가입 가능① 주행거리 : 보험기간 동안 10,000Km 초과 ~ 12,000Km 이하② 고지방식 : 1)계기판 사진전송 2)보험개발원 조회를 통한 직전계약 최종 주행거리정보 확인③ 차종  : 수소, 전기차④ 보험기간 : 1년(단, 추가가입과 동일증권 추가 시 3개월 이상)⑤ 피보험자 연령 : 만29세 이하",대면/TM/CM/플랫폼,"대인1/대인2/대물/
자손/무보험/자차",17
257,마일리지(후정산형)할인,DB손보,주행거리 후할인 특별약관,"▶ 다음의 조건 모두 해당하는 경우에 한하여 가입 가능① 주행거리 : 보험기간 동안 12,000Km 초과 ~ 15,000Km 이하② 고지방식 : 1)계기판 사진전송 2)보험개발원 조회를 통한 직전계약 최종 주행거리정보 확인③ 차종  : 수소, 전기차④ 보험기간 : 1년(단, 추가가입과 동일증권 추가 시 3개월 이상)⑤ 피보험자 연령 : 만29세 이하",대면/TM/CM/플랫폼,"대인1/대인2/대물/
자손/무보험/자차",15
258,마일리지(후정산형)할인,DB손보,주행거리 후할인 특별약관,"▶ 다음의 조건 모두 해당하는 경우에 한하여 가입 가능① 주행거리 : 보험기간 동안 1,000Km 이하② 고지방식 : 1)계기판 사진전송 2)보험개발원 조회를 통한 직전계약 최종 주행거리정보 확인③ 차종  : 다인 승용④ 보험기간 : 1년(단, 추가가입과 동일증권 추가 시 3개월 이상)⑤ 피보험자 연령 : 만30세 이상",대면/TM/CM/플랫폼,"대인1/대인2/대물/
자손/무보험/자차",45
259,마일리지(후정산형)할인,DB손보,주행거리 후할인 특별약관,"▶ 다음의 조건 모두 해당하는 경우에 한하여 가입 가능① 주행거리 : 보험기간 동안 1,000Km 초과 ~ 2,000Km 이하② 고지방식 : 1)계기판 사진전송 2)보험개발원 조회를 통한 직전계약 최종 주행거리정보 확인③ 차종  : 다인 승용④ 보험기간 : 1년(단, 추가가입과 동일증권 추가 시 3개월 이상)⑤ 피보험자 연령 : 만30세 이상",대면/TM/CM/플랫폼,"대인1/대인2/대물/
자손/무보험/자차",38
260,마일리지(후정산형)할인,DB손보,주행거리 후할인 특별약관,"▶ 다음의 조건 모두 해당하는 경우에 한하여 가입 가능① 주행거리 : 보험기간 동안 2,000Km 초과 ~ 3,000Km 이하② 고지방식 : 1)계기판 사진전송 2)보험개발원 조회를 통한 직전계약 최종 주행거리정보 확인③ 차종  : 다인 승용④ 보험기간 : 1년(단, 추가가입과 동일증권 추가 시 3개월 이상)⑤ 피보험자 연령 : 만30세 이상",대면/TM/CM/플랫폼,"대인1/대인2/대물/
자손/무보험/자차",31
261,마일리지(후정산형)할인,DB손보,주행거리 후할인 특별약관,"▶ 다음의 조건 모두 해당하는 경우에 한하여 가입 가능① 주행거리 : 보험기간 동안 3,000Km 초과 ~ 4,000Km 이하② 고지방식 : 1)계기판 사진전송 2)보험개발원 조회를 통한 직전계약 최종 주행거리정보 확인③ 차종  : 다인 승용④ 보험기간 : 1년(단, 추가가입과 동일증권 추가 시 3개월 이상)⑤ 피보험자 연령 : 만30세 이상",대면/TM/CM/플랫폼,"대인1/대인2/대물/
자손/무보험/자차",29
262,마일리지(후정산형)할인,DB손보,주행거리 후할인 특별약관,"▶ 다음의 조건 모두 해당하는 경우에 한하여 가입 가능① 주행거리 : 보험기간 동안 4,000Km 초과 ~ 5,000Km 이하② 고지방식 : 1)계기판 사진전송 2)보험개발원 조회를 통한 직전계약 최종 주행거리정보 확인③ 차종  : 다인 승용④ 보험기간 : 1년(단, 추가가입과 동일증권 추가 시 3개월 이상)⑤ 피보험자 연령 : 만30세 이상",대면/TM/CM/플랫폼,"대인1/대인2/대물/
자손/무보험/자차",27
263,마일리지(후정산형)할인,DB손보,주행거리 후할인 특별약관,"▶ 다음의 조건 모두 해당하는 경우에 한하여 가입 가능① 주행거리 : 보험기간 동안 5,000Km 초과 ~ 6,000Km 이하② 고지방식 : 1)계기판 사진전송 2)보험개발원 조회를 통한 직전계약 최종 주행거리정보 확인③ 차종  : 다인 승용④ 보험기간 : 1년(단, 추가가입과 동일증권 추가 시 3개월 이상)⑤ 피보험자 연령 : 만30세 이상",대면/TM/CM/플랫폼,"대인1/대인2/대물/
자손/무보험/자차",25
264,마일리지(후정산형)할인,DB손보,주행거리 후할인 특별약관,"▶ 다음의 조건 모두 해당하는 경우에 한하여 가입 가능① 주행거리 : 보험기간 동안 6,000Km 초과 ~ 7,000Km 이하② 고지방식 : 1)계기판 사진전송 2)보험개발원 조회를 통한 직전계약 최종 주행거리정보 확인③ 차종  : 다인 승용④ 보험기간 : 1년(단, 추가가입과 동일증권 추가 시 3개월 이상)⑤ 피보험자 연령 : 만30세 이상",대면/TM/CM/플랫폼,"대인1/대인2/대물/
자손/무보험/자차",24
265,마일리지(후정산형)할인,DB손보,주행거리 후할인 특별약관,"▶ 다음의 조건 모두 해당하는 경우에 한하여 가입 가능① 주행거리 : 보험기간 동안 7,000Km 초과 ~ 8,000Km 이하② 고지방식 : 1)계기판 사진전송 2)보험개발원 조회를 통한 직전계약 최종 주행거리정보 확인③ 차종  : 다인 승용④ 보험기간 : 1년(단, 추가가입과 동일증권 추가 시 3개월 이상)⑤ 피보험자 연령 : 만30세 이상",대면/TM/CM/플랫폼,"대인1/대인2/대물/
자손/무보험/자차",22
266,마일리지(후정산형)할인,DB손보,주행거리 후할인 특별약관,"▶ 다음의 조건 모두 해당하는 경우에 한하여 가입 가능① 주행거리 : 보험기간 동안 8,000Km 초과 ~ 9,000Km 이하② 고지방식 : 1)계기판 사진전송 2)보험개발원 조회를 통한 직전계약 최종 주행거리정보 확인③ 차종  : 다인 승용④ 보험기간 : 1년(단, 추가가입과 동일증권 추가 시 3개월 이상)⑤ 피보험자 연령 : 만30세 이상",대면/TM/CM/플랫폼,"대인1/대인2/대물/
자손/무보험/자차",21
267,마일리지(후정산형)할인,DB손보,주행거리 후할인 특별약관,"▶ 다음의 조건 모두 해당하는 경우에 한하여 가입 가능① 주행거리 : 보험기간 동안 9,000Km 초과 ~ 10,000Km 이하② 고지방식 : 1)계기판 사진전송 2)보험개발원 조회를 통한 직전계약 최종 주행거리정보 확인③ 차종  : 일반 승용④ 보험기간 : 1년(단, 추가가입과 동일증권 추가 시 3개월 이상)⑤ 피보험자 연령 : 만30세 이상",대면/TM/CM/플랫폼,"대인1/대인2/대물/
자손/무보험/자차",20
268,마일리지(후정산형)할인,DB손보,주행거리 후할인 특별약관,"▶ 다음의 조건 모두 해당하는 경우에 한하여 가입 가능① 주행거리 : 보험기간 동안 10,000Km 초과 ~ 12,000Km 이하② 고지방식 : 1)계기판 사진전송 2)보험개발원 조회를 통한 직전계약 최종 주행거리정보 확인③ 차종  : 다인 승용④ 보험기간 : 1년(단, 추가가입과 동일증권 추가 시 3개월 이상)⑤ 피보험자 연령 : 만30세 이상",대면/TM/CM/플랫폼,"대인1/대인2/대물/
자손/무보험/자차",11
269,마일리지(후정산형)할인,DB손보,주행거리 후할인 특별약관,"▶ 다음의 조건 모두 해당하는 경우에 한하여 가입 가능① 주행거리 : 보험기간 동안 12,000Km 초과 ~ 15,000Km 이하② 고지방식 : 1)계기판 사진전송 2)보험개발원 조회를 통한 직전계약 최종 주행거리정보 확인③ 차종  : 다인 승용④ 보험기간 : 1년(단, 추가가입과 동일증권 추가 시 3개월 이상)⑤ 피보험자 연령 : 만30세 이상",대면/TM/CM/플랫폼,"대인1/대인2/대물/
자손/무보험/자차",8
270,마일리지(후정산형)할인,DB손보,주행거리 후할인 특별약관,"▶ 다음의 조건 모두 해당하는 경우에 한하여 가입 가능① 주행거리 : 보험기간 동안 1,000Km 이하② 고지방식 : 1)계기판 사진전송 2)보험개발원 조회를 통한 직전계약 최종 주행거리정보 확인③ 차종  : 개인 승용④ 보험기간 : 1년(단, 추가가입과 동일증권 추가 시 3개월 이상)⑤ 피보험자 연령 : 만30세 이상",대면/TM/CM/플랫폼,"대인1/대인2/대물/
자손/무보험/자차",42
271,마일리지(후정산형)할인,DB손보,주행거리 후할인 특별약관,"▶ 다음의 조건 모두 해당하는 경우에 한하여 가입 가능① 주행거리 : 보험기간 동안 1,000Km 초과 ~ 2,000Km 이하② 고지방식 : 1)계기판 사진전송 2)보험개발원 조회를 통한 직전계약 최종 주행거리정보 확인③ 차종  : 개인 승용④ 보험기간 : 1년(단, 추가가입과 동일증권 추가 시 3개월 이상)⑤ 피보험자 연령 : 만30세 이상",대면/TM/CM/플랫폼,"대인1/대인2/대물/
자손/무보험/자차",35
272,마일리지(후정산형)할인,DB손보,주행거리 후할인 특별약관,"▶ 다음의 조건 모두 해당하는 경우에 한하여 가입 가능① 주행거리 : 보험기간 동안 2,000Km 초과 ~ 3,000Km 이하② 고지방식 : 1)계기판 사진전송 2)보험개발원 조회를 통한 직전계약 최종 주행거리정보 확인③ 차종  : 개인 승용④ 보험기간 : 1년(단, 추가가입과 동일증권 추가 시 3개월 이상)⑤ 피보험자 연령 : 만30세 이상",대면/TM/CM/플랫폼,"대인1/대인2/대물/
자손/무보험/자차",27
273,마일리지(후정산형)할인,DB손보,주행거리 후할인 특별약관,"▶ 다음의 조건 모두 해당하는 경우에 한하여 가입 가능① 주행거리 : 보험기간 동안 3,000Km 초과 ~ 4,000Km 이하② 고지방식 : 1)계기판 사진전송 2)보험개발원 조회를 통한 직전계약 최종 주행거리정보 확인③ 차종  : 개인 승용④ 보험기간 : 1년(단, 추가가입과 동일증권 추가 시 3개월 이상)⑤ 피보험자 연령 : 만30세 이상",대면/TM/CM/플랫폼,"대인1/대인2/대물/
자손/무보험/자차",25
274,마일리지(후정산형)할인,DB손보,주행거리 후할인 특별약관,"▶ 다음의 조건 모두 해당하는 경우에 한하여 가입 가능① 주행거리 : 보험기간 동안 4,000Km 초과 ~ 5,000Km 이하② 고지방식 : 1)계기판 사진전송 2)보험개발원 조회를 통한 직전계약 최종 주행거리정보 확인③ 차종  : 개인 승용④ 보험기간 : 1년(단, 추가가입과 동일증권 추가 시 3개월 이상)⑤ 피보험자 연령 : 만30세 이상",대면/TM/CM/플랫폼,"대인1/대인2/대물/
자손/무보험/자차",24
275,마일리지(후정산형)할인,DB손보,주행거리 후할인 특별약관,"▶ 다음의 조건 모두 해당하는 경우에 한하여 가입 가능① 주행거리 : 보험기간 동안 5,000Km 초과 ~ 6,000Km 이하② 고지방식 : 1)계기판 사진전송 2)보험개발원 조회를 통한 직전계약 최종 주행거리정보 확인③ 차종  : 개인 승용④ 보험기간 : 1년(단, 추가가입과 동일증권 추가 시 3개월 이상)⑤ 피보험자 연령 : 만30세 이상",대면/TM/CM/플랫폼,"대인1/대인2/대물/
자손/무보험/자차",22
276,마일리지(후정산형)할인,DB손보,주행거리 후할인 특별약관,"▶ 다음의 조건 모두 해당하는 경우에 한하여 가입 가능① 주행거리 : 보험기간 동안 6,000Km 초과 ~ 7,000Km 이하② 고지방식 : 1)계기판 사진전송 2)보험개발원 조회를 통한 직전계약 최종 주행거리정보 확인③ 차종  : 개인 승용④ 보험기간 : 1년(단, 추가가입과 동일증권 추가 시 3개월 이상)⑤ 피보험자 연령 : 만30세 이상",대면/TM/CM/플랫폼,"대인1/대인2/대물/
자손/무보험/자차",21
277,마일리지(후정산형)할인,DB손보,주행거리 후할인 특별약관,"▶ 다음의 조건 모두 해당하는 경우에 한하여 가입 가능① 주행거리 : 보험기간 동안 7,000Km 초과 ~ 8,000Km 이하② 고지방식 : 1)계기판 사진전송 2)보험개발원 조회를 통한 직전계약 최종 주행거리정보 확인③ 차종  : 개인 승용④ 보험기간 : 1년(단, 추가가입과 동일증권 추가 시 3개월 이상)⑤ 피보험자 연령 : 만30세 이상",대면/TM/CM/플랫폼,"대인1/대인2/대물/
자손/무보험/자차",20
278,마일리지(후정산형)할인,DB손보,주행거리 후할인 특별약관,"▶ 다음의 조건 모두 해당하는 경우에 한하여 가입 가능① 주행거리 : 보험기간 동안 8,000Km 초과 ~ 9,000Km 이하② 고지방식 : 1)계기판 사진전송 2)보험개발원 조회를 통한 직전계약 최종 주행거리정보 확인③ 차종  : 개인 승용④ 보험기간 : 1년(단, 추가가입과 동일증권 추가 시 3개월 이상)⑤ 피보험자 연령 : 만30세 이상",대면/TM/CM/플랫폼,"대인1/대인2/대물/
자손/무보험/자차",18
279,마일리지(후정산형)할인,DB손보,주행거리 후할인 특별약관,"▶ 다음의 조건 모두 해당하는 경우에 한하여 가입 가능① 주행거리 : 보험기간 동안 9,000Km 초과 ~ 10,000Km 이하② 고지방식 : 1)계기판 사진전송 2)보험개발원 조회를 통한 직전계약 최종 주행거리정보 확인③ 차종  : 개인 승용④ 보험기간 : 1년(단, 추가가입과 동일증권 추가 시 3개월 이상)⑤ 피보험자 연령 : 만30세 이상",대면/TM/CM/플랫폼,"대인1/대인2/대물/
자손/무보험/자차",17
280,마일리지(후정산형)할인,DB손보,주행거리 후할인 특별약관,"▶ 다음의 조건 모두 해당하는 경우에 한하여 가입 가능① 주행거리 : 보험기간 동안 10,000Km 초과 ~ 12,000Km 이하② 고지방식 : 1)계기판 사진전송 2)보험개발원 조회를 통한 직전계약 최종 주행거리정보 확인③ 차종  : 개인 승용④ 보험기간 : 1년(단, 추가가입과 동일증권 추가 시 3개월 이상)⑤ 피보험자 연령 : 만30세 이상",대면/TM/CM/플랫폼,"대인1/대인2/대물/
자손/무보험/자차",11
281,마일리지(후정산형)할인,DB손보,주행거리 후할인 특별약관,"▶ 다음의 조건 모두 해당하는 경우에 한하여 가입 가능① 주행거리 : 보험기간 동안 12,000Km 초과 ~ 15,000Km 이하② 고지방식 : 1)계기판 사진전송 2)보험개발원 조회를 통한 직전계약 최종 주행거리정보 확인③ 차종  : 개인 승용④ 보험기간 : 1년(단, 추가가입과 동일증권 추가 시 3개월 이상)⑤ 피보험자 연령 : 만30세 이상",대면/TM/CM/플랫폼,"대인1/대인2/대물/
자손/무보험/자차",8
282,마일리지(후정산형)할인,DB손보,주행거리 후할인 특별약관,"▶ 다음의 조건 모두 해당하는 경우에 한하여 가입 가능① 주행거리 : 보험기간 동안 1,000Km 이하② 고지방식 : 1)계기판 사진전송 2)보험개발원 조회를 통한 직전계약 최종 주행거리정보 확인③ 차종  : 수소, 전기차④ 보험기간 : 1년(단, 추가가입과 동일증권 추가 시 3개월 이상)⑤ 피보험자 연령 : 만30세 이상",대면/TM/CM/플랫폼,"대인1/대인2/대물/
자손/무보험/자차",44
283,마일리지(후정산형)할인,DB손보,주행거리 후할인 특별약관,"▶ 다음의 조건 모두 해당하는 경우에 한하여 가입 가능① 주행거리 : 보험기간 동안 1,000Km 초과 ~ 2,000Km 이하② 고지방식 : 1)계기판 사진전송 2)보험개발원 조회를 통한 직전계약 최종 주행거리정보 확인③ 차종  : 수소, 전기차④ 보험기간 : 1년(단, 추가가입과 동일증권 추가 시 3개월 이상)⑤ 피보험자 연령 : 만30세 이상",대면/TM/CM/플랫폼,"대인1/대인2/대물/
자손/무보험/자차",37
284,마일리지(후정산형)할인,DB손보,주행거리 후할인 특별약관,"▶ 다음의 조건 모두 해당하는 경우에 한하여 가입 가능① 주행거리 : 보험기간 동안 2,000Km 초과 ~ 3,000Km 이하② 고지방식 : 1)계기판 사진전송 2)보험개발원 조회를 통한 직전계약 최종 주행거리정보 확인③ 차종  : 수소, 전기차④ 보험기간 : 1년(단, 추가가입과 동일증권 추가 시 3개월 이상)⑤ 피보험자 연령 : 만30세 이상",대면/TM/CM/플랫폼,"대인1/대인2/대물/
자손/무보험/자차",30
285,마일리지(후정산형)할인,DB손보,주행거리 후할인 특별약관,"▶ 다음의 조건 모두 해당하는 경우에 한하여 가입 가능① 주행거리 : 보험기간 동안 3,000Km 초과 ~ 4,000Km 이하② 고지방식 : 1)계기판 사진전송 2)보험개발원 조회를 통한 직전계약 최종 주행거리정보 확인③ 차종  : 수소, 전기차④ 보험기간 : 1년(단, 추가가입과 동일증권 추가 시 3개월 이상)⑤ 피보험자 연령 : 만30세 이상",대면/TM/CM/플랫폼,"대인1/대인2/대물/
자손/무보험/자차",28
286,마일리지(후정산형)할인,DB손보,주행거리 후할인 특별약관,"▶ 다음의 조건 모두 해당하는 경우에 한하여 가입 가능① 주행거리 : 보험기간 동안 4,000Km 초과 ~ 5,000Km 이하② 고지방식 : 1)계기판 사진전송 2)보험개발원 조회를 통한 직전계약 최종 주행거리정보 확인③ 차종  : 수소, 전기차④ 보험기간 : 1년(단, 추가가입과 동일증권 추가 시 3개월 이상)⑤ 피보험자 연령 : 만30세 이상",대면/TM/CM/플랫폼,"대인1/대인2/대물/
자손/무보험/자차",27
287,마일리지(후정산형)할인,DB손보,주행거리 후할인 특별약관,"▶ 다음의 조건 모두 해당하는 경우에 한하여 가입 가능① 주행거리 : 보험기간 동안 5,000Km 초과 ~ 6,000Km 이하② 고지방식 : 1)계기판 사진전송 2)보험개발원 조회를 통한 직전계약 최종 주행거리정보 확인③ 차종  : 수소, 전기차④ 보험기간 : 1년(단, 추가가입과 동일증권 추가 시 3개월 이상)⑤ 피보험자 연령 : 만30세 이상",대면/TM/CM/플랫폼,"대인1/대인2/대물/
자손/무보험/자차",25
288,마일리지(후정산형)할인,DB손보,주행거리 후할인 특별약관,"▶ 다음의 조건 모두 해당하는 경우에 한하여 가입 가능① 주행거리 : 보험기간 동안 6,000Km 초과 ~ 7,000Km 이하② 고지방식 : 1)계기판 사진전송 2)보험개발원 조회를 통한 직전계약 최종 주행거리정보 확인③ 차종  : 수소, 전기차④ 보험기간 : 1년(단, 추가가입과 동일증권 추가 시 3개월 이상)⑤ 피보험자 연령 : 만30세 이상",대면/TM/CM/플랫폼,"대인1/대인2/대물/
자손/무보험/자차",24
289,마일리지(후정산형)할인,DB손보,주행거리 후할인 특별약관,"▶ 다음의 조건 모두 해당하는 경우에 한하여 가입 가능① 주행거리 : 보험기간 동안 7,000Km 초과 ~ 8,000Km 이하② 고지방식 : 1)계기판 사진전송 2)보험개발원 조회를 통한 직전계약 최종 주행거리정보 확인③ 차종  : 수소, 전기차④ 보험기간 : 1년(단, 추가가입과 동일증권 추가 시 3개월 이상)⑤ 피보험자 연령 : 만30세 이상",대면/TM/CM/플랫폼,"대인1/대인2/대물/
자손/무보험/자차",22
290,마일리지(후정산형)할인,DB손보,주행거리 후할인 특별약관,"▶ 다음의 조건 모두 해당하는 경우에 한하여 가입 가능① 주행거리 : 보험기간 동안 8,000Km 초과 ~ 9,000Km 이하② 고지방식 : 1)계기판 사진전송 2)보험개발원 조회를 통한 직전계약 최종 주행거리정보 확인③ 차종  : 수소, 전기차④ 보험기간 : 1년(단, 추가가입과 동일증권 추가 시 3개월 이상)⑤ 피보험자 연령 : 만30세 이상",대면/TM/CM/플랫폼,"대인1/대인2/대물/
자손/무보험/자차",21
291,마일리지(후정산형)할인,DB손보,주행거리 후할인 특별약관,"▶ 다음의 조건 모두 해당하는 경우에 한하여 가입 가능① 주행거리 : 보험기간 동안 9,000Km 초과 ~ 10,000Km 이하② 고지방식 : 1)계기판 사진전송 2)보험개발원 조회를 통한 직전계약 최종 주행거리정보 확인③ 차종  : 수소, 전기차④ 보험기간 : 1년(단, 추가가입과 동일증권 추가 시 3개월 이상)⑤ 피보험자 연령 : 만30세 이상",대면/TM/CM/플랫폼,"대인1/대인2/대물/
자손/무보험/자차",20
292,마일리지(후정산형)할인,DB손보,주행거리 후할인 특별약관,"▶ 다음의 조건 모두 해당하는 경우에 한하여 가입 가능① 주행거리 : 보험기간 동안 10,000Km 초과 ~ 12,000Km 이하② 고지방식 : 1)계기판 사진전송 2)보험개발원 조회를 통한 직전계약 최종 주행거리정보 확인③ 차종  : 수소, 전기차④ 보험기간 : 1년(단, 추가가입과 동일증권 추가 시 3개월 이상)⑤ 피보험자 연령 : 만30세 이상",대면/TM/CM/플랫폼,"대인1/대인2/대물/
자손/무보험/자차",14
293,마일리지(후정산형)할인,DB손보,주행거리 후할인 특별약관,"▶ 다음의 조건 모두 해당하는 경우에 한하여 가입 가능① 주행거리 : 보험기간 동안 12,000Km 초과 ~ 15,000Km 이하② 고지방식 : 1)계기판 사진전송 2)보험개발원 조회를 통한 직전계약 최종 주행거리정보 확인③ 차종  : 수소, 전기차④ 보험기간 : 1년(단, 추가가입과 동일증권 추가 시 3개월 이상)⑤ 피보험자 연령 : 만30세 이상",대면/TM/CM/플랫폼,"대인1/대인2/대물/
자손/무보험/자차",12
294,마일리지(후정산형)할인,AXA손보,마일리지(후할인) 특별약관,"▶ 다음의 조건 모두 해당하는 경우에 한하여 가입 가능① 주행거리 조건 : 2,000Km 이하② 고지방식 조건 : 제한없음③ 차종 조건 : 전 차종(전기차, 수소차, 하이브리드 차량 외)④ 보험기간 조건 : 1년","TM, CM","대인1, 대인2, 대물, 자손, 무보험차상해, 자차",40.2
295,마일리지(후정산형)할인,AXA손보,마일리지(후할인) 특별약관,"▶ 다음의 조건 모두 해당하는 경우에 한하여 가입 가능① 주행거리 조건 : 2,000Km 이하② 고지방식 조건 : 제한없음③ 차종 조건 : 전기차, 수소차, 하이브리드 차량④ 보험기간 조건 : 1년","TM, CM","대인1, 대인2, 대물, 자손, 무보험차상해, 자차",49
296,마일리지(후정산형)할인,AXA손보,마일리지(후할인) 특별약관,"▶ 다음의 조건 모두 해당하는 경우에 한하여 가입 가능① 주행거리 조건 : 3,000Km 이하② 고지방식 조건 : 제한없음③ 차종 조건 : 전 차종(전기차, 수소차, 하이브리드 차량 외)④ 보험기간 조건 : 1년","TM, CM","대인1, 대인2, 대물, 자손, 무보험차상해, 자차",33.7
297,마일리지(후정산형)할인,AXA손보,마일리지(후할인) 특별약관,"▶ 다음의 조건 모두 해당하는 경우에 한하여 가입 가능① 주행거리 조건 : 3,000Km 이하② 고지방식 조건 : 제한없음③ 차종 조건 : 전기차, 수소차, 하이브리드 차량④ 보험기간 조건 : 1년","TM, CM","대인1, 대인2, 대물, 자손, 무보험차상해, 자차",43.4
298,마일리지(후정산형)할인,AXA손보,마일리지(후할인) 특별약관,"▶ 다음의 조건 모두 해당하는 경우에 한하여 가입 가능① 주행거리 조건 : 5,000Km 이하② 고지방식 조건 : 제한없음③ 차종 조건 : 전 차종(전기차, 수소차, 하이브리드 차량 외)④ 보험기간 조건 : 1년","TM, CM","대인1, 대인2, 대물, 자손, 무보험차상해, 자차",30.9
299,마일리지(후정산형)할인,AXA손보,마일리지(후할인) 특별약관,"▶ 다음의 조건 모두 해당하는 경우에 한하여 가입 가능① 주행거리 조건 : 5,000Km 이하② 고지방식 조건 : 제한없음③ 차종 조건 : 전기차, 수소차, 하이브리드 차량④ 보험기간 조건 : 1년","TM, CM","대인1, 대인2, 대물, 자손, 무보험차상해, 자차",41
300,마일리지(후정산형)할인,AXA손보,마일리지(후할인) 특별약관,"▶ 다음의 조건 모두 해당하는 경우에 한하여 가입 가능① 주행거리 조건 : 7,000Km 이하② 고지방식 조건 : 제한없음③ 차종 조건 : 전 차종(전기차, 수소차, 하이브리드 차량 외)④ 보험기간 조건 : 1년","TM, CM","대인1, 대인2, 대물, 자손, 무보험차상해, 자차",26
301,마일리지(후정산형)할인,AXA손보,마일리지(후할인) 특별약관,"▶ 다음의 조건 모두 해당하는 경우에 한하여 가입 가능① 주행거리 조건 : 7,000Km 이하② 고지방식 조건 : 제한없음③ 차종 조건 : 전기차, 수소차, 하이브리드 차량④ 보험기간 조건 : 1년","TM, CM","대인1, 대인2, 대물, 자손, 무보험차상해, 자차",36.9
302,마일리지(후정산형)할인,AXA손보,마일리지(후할인) 특별약관,"▶ 다음의 조건 모두 해당하는 경우에 한하여 가입 가능① 주행거리 조건 : 9,000Km 이하② 고지방식 조건 : 제한없음③ 차종 조건 : 전 차종(전기차, 수소차, 하이브리드 차량 외)④ 보험기간 조건 : 1년","TM, CM","대인1, 대인2, 대물, 자손, 무보험차상해, 자차",21.3
303,마일리지(후정산형)할인,AXA손보,마일리지(후할인) 특별약관,"▶ 다음의 조건 모두 해당하는 경우에 한하여 가입 가능① 주행거리 조건 : 9,000Km 이하② 고지방식 조건 : 제한없음③ 차종 조건 : 전기차, 수소차, 하이브리드 차량④ 보험기간 조건 : 1년","TM, CM","대인1, 대인2, 대물, 자손, 무보험차상해, 자차",32.9
304,마일리지(후정산형)할인,AXA손보,마일리지(후할인) 특별약관,"▶ 다음의 조건 모두 해당하는 경우에 한하여 가입 가능① 주행거리 조건 : 12,000Km 이하② 고지방식 조건 : 제한없음③ 차종 조건 : 전 차종(전기차, 수소차, 하이브리드 차량 외)④ 보험기간 조건 : 1년","TM, CM","대인1, 대인2, 대물, 자손, 무보험차상해, 자차",14.1
305,마일리지(후정산형)할인,AXA손보,마일리지(후할인) 특별약관,"▶ 다음의 조건 모두 해당하는 경우에 한하여 가입 가능① 주행거리 조건 : 12,000Km 이하② 고지방식 조건 : 제한없음③ 차종 조건 : 전기차, 수소차, 하이브리드 차량④ 보험기간 조건 : 1년","TM, CM","대인1, 대인2, 대물, 자손, 무보험차상해, 자차",26.7
306,마일리지(후정산형)할인,AXA손보,마일리지(후할인) 특별약관,"▶ 다음의 조건 모두 해당하는 경우에 한하여 가입 가능① 주행거리 조건 : 15,000Km 이하② 고지방식 조건 : 제한없음③ 차종 조건 : 전 차종(전기차, 수소차, 하이브리드 차량 외)④ 보험기간 조건 : 1년","TM, CM","대인1, 대인2, 대물, 자손, 무보험차상해, 자차",12.1
307,마일리지(후정산형)할인,AXA손보,마일리지(후할인) 특별약관,"▶ 다음의 조건 모두 해당하는 경우에 한하여 가입 가능① 주행거리 조건 : 15,000Km 이하② 고지방식 조건 : 제한없음③ 차종 조건 : 전기차, 수소차, 하이브리드 차량④ 보험기간 조건 : 1년","TM, CM","대인1, 대인2, 대물, 자손, 무보험차상해, 자차",25
308,마일리지(후정산형)할인,AXA손보,마일리지(후할인) 특별약관,"▶ 다음의 조건 모두 해당하는 경우에 한하여 가입 가능① 주행거리 조건 : 18,000Km 이하② 고지방식 조건 : 제한없음③ 차종 조건 : 전 차종(전기차, 수소차, 하이브리드 차량 외)④ 보험기간 조건 : 1년","TM, CM","대인1, 대인2, 대물, 자손, 무보험차상해, 자차",3.4
309,마일리지(후정산형)할인,AXA손보,마일리지(후할인) 특별약관,"▶ 다음의 조건 모두 해당하는 경우에 한하여 가입 가능① 주행거리 조건 : 18,000Km 이하② 고지방식 조건 : 제한없음③ 차종 조건 : 전기차, 수소차, 하이브리드 차량④ 보험기간 조건 : 1년","TM, CM","대인1, 대인2, 대물, 자손, 무보험차상해, 자차",17.6
310,마일리지(후정산형)할인,AXA손보,마일리지(후할인) 특별약관,"▶ 다음의 조건 모두 해당하는 경우에 한하여 가입 가능① 주행거리 조건 : 23,000Km 이하② 고지방식 조건 : 제한없음③ 차종 조건 : 전 차종(전기차, 수소차, 하이브리드 차량 외)④ 보험기간 조건 : 1년","TM, CM","대인1, 대인2, 대물, 자손, 무보험차상해, 자차",1.6
311,마일리지(후정산형)할인,AXA손보,마일리지(후할인) 특별약관,"▶ 다음의 조건 모두 해당하는 경우에 한하여 가입 가능① 주행거리 조건 : 23,000Km 이하② 고지방식 조건 : 제한없음③ 차종 조건 : 전기차, 수소차, 하이브리드 차량④ 보험기간 조건 : 1년","TM, CM","대인1, 대인2, 대물, 자손, 무보험차상해, 자차",16.1
312,마일리지(후정산형)할인,캐롯손해보험,캐롯 주행거리 할인 특별약관,"① 주행거리 : 1,000Km 이하② 고지방식 : 계기판 사진전송③ 차종 : 전 차종④ 보험기간 : 1년(단, 동일증권 추가시 3개월 이상)",CM/PM,대인1/대인2/대물/자손/무보험/자차,45.4
313,마일리지(후정산형)할인,캐롯손해보험,캐롯 주행거리 할인 특별약관,"① 주행거리 : 2,000Km 이하② 고지방식 : 계기판 사진전송③ 차종 : 전 차종④ 보험기간 : 1년(단, 동일증권 추가시 3개월 이상)",CM/PM,대인1/대인2/대물/자손/무보험/자차,42.3
314,마일리지(후정산형)할인,캐롯손해보험,캐롯 주행거리 할인 특별약관,"① 주행거리 : 3,000Km 이하② 고지방식 : 계기판 사진전송③ 차종 : 전 차종④ 보험기간 : 1년(단, 동일증권 추가시 3개월 이상)",CM/PM,대인1/대인2/대물/자손/무보험/자차,39.2
315,마일리지(후정산형)할인,캐롯손해보험,캐롯 주행거리 할인 특별약관,"① 주행거리 : 4,000Km 이하② 고지방식 : 계기판 사진전송③ 차종 : 전 차종④ 보험기간 : 1년(단, 동일증권 추가시 3개월 이상)",CM/PM,대인1/대인2/대물/자손/무보험/자차,36
316,마일리지(후정산형)할인,캐롯손해보험,캐롯 주행거리 할인 특별약관,"① 주행거리 : 5,000Km 이하② 고지방식 : 계기판 사진전송③ 차종 : 전 차종④ 보험기간 : 1년(단, 동일증권 추가시 3개월 이상)",CM/PM,대인1/대인2/대물/자손/무보험/자차,32.9
317,마일리지(후정산형)할인,캐롯손해보험,캐롯 주행거리 할인 특별약관,"① 주행거리 : 6,000Km 이하② 고지방식 : 계기판 사진전송③ 차종 : 전 차종④ 보험기간 : 1년(단, 동일증권 추가시 3개월 이상)",CM/PM,대인1/대인2/대물/자손/무보험/자차,29.8
318,마일리지(후정산형)할인,캐롯손해보험,캐롯 주행거리 할인 특별약관,"① 주행거리 : 7,000Km 이하② 고지방식 : 계기판 사진전송③ 차종 : 전 차종④ 보험기간 : 1년(단, 동일증권 추가시 3개월 이상)",CM/PM,대인1/대인2/대물/자손/무보험/자차,26.6
319,마일리지(후정산형)할인,캐롯손해보험,캐롯 주행거리 할인 특별약관,"① 주행거리 : 8,000Km 이하② 고지방식 : 계기판 사진전송③ 차종 : 전 차종④ 보험기간 : 1년(단, 동일증권 추가시 3개월 이상)",CM/PM,대인1/대인2/대물/자손/무보험/자차,23.5
320,마일리지(후정산형)할인,캐롯손해보험,캐롯 주행거리 할인 특별약관,"① 주행거리 : 9,000Km 이하② 고지방식 : 계기판 사진전송③ 차종 : 전 차종④ 보험기간 : 1년(단, 동일증권 추가시 3개월 이상)",CM/PM,대인1/대인2/대물/자손/무보험/자차,20.4
321,마일리지(후정산형)할인,캐롯손해보험,캐롯 주행거리 할인 특별약관,"① 주행거리 : 10,000Km 이하② 고지방식 : 계기판 사진전송③ 차종 : 전 차종④ 보험기간 : 1년(단, 동일증권 추가시 3개월 이상)",CM/PM,대인1/대인2/대물/자손/무보험/자차,17.2
322,마일리지(후정산형)할인,캐롯손해보험,캐롯 주행거리 할인 특별약관,"① 주행거리 : 11,000Km 이하② 고지방식 : 계기판 사진전송③ 차종 : 전 차종④ 보험기간 : 1년(단, 동일증권 추가시 3개월 이상)",CM/PM,대인1/대인2/대물/자손/무보험/자차,14.1
323,마일리지(후정산형)할인,캐롯손해보험,캐롯 주행거리 할인 특별약관,"① 주행거리 : 12,000Km 이하② 고지방식 : 계기판 사진전송③ 차종 : 전 차종④ 보험기간 : 1년(단, 동일증권 추가시 3개월 이상)",CM/PM,대인1/대인2/대물/자손/무보험/자차,11
324,마일리지(후정산형)할인,캐롯손해보험,캐롯 주행거리 할인 특별약관,"① 주행거리 : 13,000Km 이하② 고지방식 : 계기판 사진전송③ 차종 : 전 차종④ 보험기간 : 1년(단, 동일증권 추가시 3개월 이상)",CM/PM,대인1/대인2/대물/자손/무보험/자차,7.8
325,마일리지(후정산형)할인,캐롯손해보험,캐롯 주행거리 할인 특별약관,"① 주행거리 : 14,000Km 이하② 고지방식 : 계기판 사진전송③ 차종 : 전 차종④ 보험기간 : 1년(단, 동일증권 추가시 3개월 이상)",CM/PM,대인1/대인2/대물/자손/무보험/자차,4.7
326,마일리지(후정산형)할인,캐롯손해보험,캐롯 주행거리 할인 특별약관,"① 주행거리 : 15,000Km 이하② 고지방식 : 계기판 사진전송③ 차종 : 전 차종④ 보험기간 : 1년(단, 동일증권 추가시 3개월 이상)",CM/PM,대인1/대인2/대물/자손/무보험/자차,1.6
327,차선이탈경고(방지)장치할인,메리츠화재,차선이탈 경고장치 할인 특별약관,▶ 다음의 조건 모두 해당하는 경우에 한하여 가입 가능① 최초 출고시 자동차 제조업체의 표준 또는 선택장치로서 차선이탈 경고장치 장착② 차령 조건 : 신차③ 전 차종,대면/TM/CM/PM,대인1/대인2/대물/자손/무보험/자차,9.3
328,차선이탈경고(방지)장치할인,메리츠화재,차선이탈 경고장치 할인 특별약관,▶ 다음의 조건 모두 해당하는 경우에 한하여 가입 가능① 최초 출고시 자동차 제조업체의 표준 또는 선택장치로서 차선이탈 경고장치 장착② 차령 조건 : 1년 이상 ~ 4년 이하③ 전 차종,대면/TM/CM/PM,대인1/대인2/대물/자손/무보험/자차,5.6
329,차선이탈경고(방지)장치할인,메리츠화재,차선이탈 경고장치 할인 특별약관,▶ 다음의 조건 모두 해당하는 경우에 한하여 가입 가능① 최초 출고시 자동차 제조업체의 표준 또는 선택장치로서 차선이탈 경고장치 장착② 차령 조건 : 5년 이상③ 전 차종,대면/TM/CM/PM,대인1/대인2/대물/자손/무보험/자차,1.7
330,차선이탈경고(방지)장치할인,한화손보,차선이탈 경고장치 장착 할인 특별약관,"▶ 다음의 조건 모두 해당하는 경우에 한하여 가입 가능① 차선이탈 경고장치(LDWS,LKAS)를 출고시에 장착한 경우② 차령 조건 : 1년이하③ 차종 조건 : 전 차종④ 전방충돌 방지장치가 장착된 상태로 출고","대면, TM","대인1, 대인2, 대물, 자손, 무보험차상해",13
331,차선이탈경고(방지)장치할인,한화손보,차선이탈 경고장치 장착 할인 특별약관,"▶ 다음의 조건 모두 해당하는 경우에 한하여 가입 가능① 차선이탈 경고장치(LDWS,LKAS)를 출고시에 장착한 경우② 차령 조건 : 2년이상③ 차종 조건 : 전 차종④ 전방충돌 방지장치가 장착된 상태로 출고","대면, TM","대인1, 대인2, 대물, 자손, 무보험차상해",6
332,차선이탈경고(방지)장치할인,한화손보,차선이탈 경고장치 장착 할인 특별약관,"▶ 다음의 조건 모두 해당하는 경우에 한하여 가입 가능① 차선이탈 경고장치(LDWS,LKAS)를 출고시에 장착한 경우② 차령 조건 : 1년이하③ 차종 조건 : 전 차종④ 전방충돌 방지장치가 장착되지 않은 상태로 출고","대면, TM","대인1, 대인2, 대물, 자손, 무보험차상해",8
333,차선이탈경고(방지)장치할인,한화손보,차선이탈 경고장치 장착 할인 특별약관,"▶ 다음의 조건 모두 해당하는 경우에 한하여 가입 가능① 차선이탈 경고장치(LDWS,LKAS)를 출고시에 장착한 경우② 차령 조건 : 2년이상③ 차종 조건 : 전 차종④ 전방충돌 방지장치가 장착되지 않은 상태로 출고","대면, TM","대인1, 대인2, 대물, 자손, 무보험차상해",1
334,차선이탈경고(방지)장치할인,롯데손보,차선이탈방지장치 장착할인특별약관,▶ 다음의 조건 모두 해당하는 경우에 한하여 가입 가능① 차선유지지원장치(LKAS) 또는 차선이탈경고장지(LDWS)를 최초 출고시(기본 또는 옵션) 장착② 전 차령③ 전 차종,대면/TM/CM/PM,대인1/대인2/대물/자손/무보험/자차,4.6
335,차선이탈경고(방지)장치할인,MG손보,차선이탈방지장치 장착에 관한 특별약관,"▶ 다음의 조건 모두 해당하는 경우에 한하여 가입 가능① 장치 : 차선이탈 경고장치가 최초 출고시 장착(기본 또는 옵션)된 차량② 차령 : 전 차령③ 차종 : 전 차종④ 고지방식 : 차량번호판 사진 및 계기판 또는 작동버튼 사진전송단, 사진전송은 기본 부속으로 장착된 차량은 제외",대면/TM/CM,대인1/대인2/대물/자손/무보험/자차,3
336,차선이탈경고(방지)장치할인,흥국화재,차선이탈 경고장치 장착 할인 특별약관,"▶ 다음의 조건 모두 해당하는 경우에 한하여 가입 가능① 장치 : 차선이탈 경고장치(LDWS,LKAS)를 최초 출고시 장착(기본 또는 옵션)한 차량② 차령 조건 : 전 차령③ 차종 조건 : 전 차종",대면/TM/CM/PM,대인1/대인2/대물/자손/무보험,5
337,차선이탈경고(방지)장치할인,흥국화재,차선이탈 경고장치 장착 할인 특별약관,"▶ 다음의 조건 모두 해당하는 경우에 한하여 가입 가능① 장치 : 차선이탈 경고장치(LDWS,LKAS)를 최초 출고시 장착(기본 또는 옵션)한 차량② 차령 조건 : 전 차령③ 차종 조건 : 전 차종",대면/TM/CM/PM,자차,2
338,차선이탈경고(방지)장치할인,삼성화재,첨단안전장치 장착차량 할인 특별약관,▶ 다음의 조건 모두 해당하는 경우에 한하여 가입 가능① 해당장치 명칭 및 장착관련 조건 : 차선이탈경고장치 또는 차선유지지원장치를 최초 출고 시 장착한 경우② 차령 조건 : 2년이하③ 차종 조건 : 전 차종④ 출고 시 전방충돌방지장치 미장착,"대면, TM, CM, 플랫폼","대인1, 대인2, 대물, 자손, 무보험",5.4
339,차선이탈경고(방지)장치할인,삼성화재,첨단안전장치 장착차량 할인 특별약관,▶ 다음의 조건 모두 해당하는 경우에 한하여 가입 가능① 해당장치 명칭 및 장착관련 조건 : 차선이탈경고장치 또는 차선유지지원장치를 최초 출고 시 장착한 경우② 차령 조건 : 2년이하③ 차종 조건 : 전 차종④ 출고 시 전방충돌방지장치 미장착,"대면, TM, CM, 플랫폼",자차,0.1
340,차선이탈경고(방지)장치할인,삼성화재,첨단안전장치 장착차량 할인 특별약관,▶ 다음의 조건 모두 해당하는 경우에 한하여 가입 가능① 해당장치 명칭 및 장착관련 조건 : 차선이탈경고장치 또는 차선유지지원장치를 최초 출고 시 장착한 경우② 차령 조건 : 3년이상 5년이하③ 차종 조건 : 전 차종④ 출고 시 전방충돌방지장치 미장착,"대면, TM, CM, 플랫폼","대인1, 대인2, 대물, 자손, 무보험",14
341,차선이탈경고(방지)장치할인,삼성화재,첨단안전장치 장착차량 할인 특별약관,▶ 다음의 조건 모두 해당하는 경우에 한하여 가입 가능① 해당장치 명칭 및 장착관련 조건 : 차선이탈경고장치 또는 차선유지지원장치를 최초 출고 시 장착한 경우② 차령 조건 : 3년이상 5년이하③ 차종 조건 : 전 차종④ 출고 시 전방충돌방지장치 미장착,"대면, TM, CM, 플랫폼",자차,10.1
342,차선이탈경고(방지)장치할인,삼성화재,첨단안전장치 장착차량 할인 특별약관,▶ 다음의 조건 모두 해당하는 경우에 한하여 가입 가능① 해당장치 명칭 및 장착관련 조건 : 차선이탈경고장치 또는 차선유지지원장치를 최초 출고 시 장착한 경우② 차령 조건 : 6년이상③ 차종 조건 : 전 차종④ 출고 시 전방충돌방지장치 미장착,"대면, TM, CM, 플랫폼","대인1, 대인2, 대물, 자손, 무보험",0.1
343,차선이탈경고(방지)장치할인,삼성화재,첨단안전장치 장착차량 할인 특별약관,▶ 다음의 조건 모두 해당하는 경우에 한하여 가입 가능① 해당장치 명칭 및 장착관련 조건 : 차선이탈경고장치 또는 차선유지지원장치를 최초 출고 시 장착한 경우② 차령 조건 : 6년이상③ 차종 조건 : 전 차종④ 출고 시 전방충돌방지장치 미장착,"대면, TM, CM, 플랫폼",자차,1.8
344,차선이탈경고(방지)장치할인,삼성화재,첨단안전장치 장착차량 할인 특별약관,▶ 다음의 조건 모두 해당하는 경우에 한하여 가입 가능① 해당장치 명칭 및 장착관련 조건 : 차선이탈경고장치 또는 차선유지지원장치를 최초 출고 시 장착한 경우② 차령 조건 : 2년이하③ 차종 조건 : 전 차종④ 출고 시 전방충돌방지장치 장착,"대면, TM, CM, 플랫폼","대인1, 대인2, 대물, 자손, 무보험",8.5
345,차선이탈경고(방지)장치할인,삼성화재,첨단안전장치 장착차량 할인 특별약관,▶ 다음의 조건 모두 해당하는 경우에 한하여 가입 가능① 해당장치 명칭 및 장착관련 조건 : 차선이탈경고장치 또는 차선유지지원장치를 최초 출고 시 장착한 경우② 차령 조건 : 2년이하③ 차종 조건 : 전 차종④ 출고 시 전방충돌방지장치 장착,"대면, TM, CM, 플랫폼",자차,0.2
346,차선이탈경고(방지)장치할인,삼성화재,첨단안전장치 장착차량 할인 특별약관,▶ 다음의 조건 모두 해당하는 경우에 한하여 가입 가능① 해당장치 명칭 및 장착관련 조건 : 차선이탈경고장치 또는 차선유지지원장치를 최초 출고 시 장착한 경우② 차령 조건 : 3년이상 5년이하③ 차종 조건 : 전 차종④ 출고 시 전방충돌방지장치 장착,"대면, TM, CM, 플랫폼","대인1, 대인2, 대물, 자손, 무보험",14.1
347,차선이탈경고(방지)장치할인,삼성화재,첨단안전장치 장착차량 할인 특별약관,▶ 다음의 조건 모두 해당하는 경우에 한하여 가입 가능① 해당장치 명칭 및 장착관련 조건 : 차선이탈경고장치 또는 차선유지지원장치를 최초 출고 시 장착한 경우② 차령 조건 : 3년이상 5년이하③ 차종 조건 : 전 차종④ 출고 시 전방충돌방지장치 장착,"대면, TM, CM, 플랫폼",자차,10.2
348,차선이탈경고(방지)장치할인,삼성화재,첨단안전장치 장착차량 할인 특별약관,▶ 다음의 조건 모두 해당하는 경우에 한하여 가입 가능① 해당장치 명칭 및 장착관련 조건 : 차선이탈경고장치 또는 차선유지지원장치를 최초 출고 시 장착한 경우② 차령 조건 : 6년이상③ 차종 조건 : 전 차종④ 출고 시 전방충돌방지장치 장착,"대면, TM, CM, 플랫폼","대인1, 대인2, 대물, 자손, 무보험",8.4
349,차선이탈경고(방지)장치할인,삼성화재,첨단안전장치 장착차량 할인 특별약관,▶ 다음의 조건 모두 해당하는 경우에 한하여 가입 가능① 해당장치 명칭 및 장착관련 조건 : 차선이탈경고장치 또는 차선유지지원장치를 최초 출고 시 장착한 경우② 차령 조건 : 6년이상③ 차종 조건 : 전 차종④ 출고 시 전방충돌방지장치 장착,"대면, TM, CM, 플랫폼",자차,10.8
350,차선이탈경고(방지)장치할인,현대해상,차선이탈경고(방지)장치할인,▶ 다음의 조건 모두 해당하는 경우에 한하여 가입 가능① 장치 : 차선이탈 경고장치를 최초 출고시 장착(기본 또는 옵션)된 차량② 차령 : 신차③ 차종 : 전 차종,대면/TM/CM/플랫폼,대인1/대인2/대물/자손/무보험/자차,3.2
351,차선이탈경고(방지)장치할인,현대해상,차선이탈경고(방지)장치할인,▶ 다음의 조건 모두 해당하는 경우에 한하여 가입 가능① 장치 : 차선이탈 경고장치를 최초 출고시 장착(기본 또는 옵션)된 차량② 차령 : 3년이하③ 차종 : 전 차종,대면/TM/CM/플랫폼,대인1/대인2/대물/자손/무보험/자차,3.3
352,차선이탈경고(방지)장치할인,현대해상,차선이탈경고(방지)장치할인,▶ 다음의 조건 모두 해당하는 경우에 한하여 가입 가능① 장치 : 차선이탈 경고장치를 최초 출고시 장착(기본 또는 옵션)된 차량② 차령 : 4년이상③ 차종 : 전 차종,대면/TM/CM/플랫폼,대인1/대인2/대물/자손/무보험/자차,2.3
353,차선이탈경고(방지)장치할인,KB손보,첨단안전장치장착 특별약관,▶ 다음의 조건 모두 해당하는 경우에 한하여 가입 가능① 차선이탈경고장치(LDWS) 또는 차선유지지원장치(LKAS)가 장착된 상태로 출고② 신차③ 전차종④ 전방충돌방지장치가 장착된 상태로 출고,대면/TM/CM/PM,대인1/대인2/대물/자손/무보험/자차,7.8
354,차선이탈경고(방지)장치할인,KB손보,첨단안전장치장착 특별약관,▶ 다음의 조건 모두 해당하는 경우에 한하여 가입 가능① 차선이탈경고장치(LDWS) 또는 차선유지지원장치(LKAS)가 장착된 상태로 출고② 신차 외③ 전차종④ 전방충돌방지장치가 장착된 상태로 출고,대면/TM/CM/PM,대인1/대인2/대물/자손/무보험/자차,6.8
355,차선이탈경고(방지)장치할인,KB손보,첨단안전장치장착 특별약관,▶ 다음의 조건 모두 해당하는 경우에 한하여 가입 가능① 차선이탈경고장치(LDWS) 또는 차선유지지원장치(LKAS)가 장착된 상태로 출고② 신차③ 전차종④ 전방충돌방지장치가 장착되지 않은 상태로 출고,대면/TM/CM/PM,대인1/대인2/대물/자손/무보험/자차,4.9
356,차선이탈경고(방지)장치할인,KB손보,첨단안전장치장착 특별약관,▶ 다음의 조건 모두 해당하는 경우에 한하여 가입 가능① 차선이탈경고장치(LDWS) 또는 차선유지지원장치(LKAS)가 장착된 상태로 출고② 신차 외③ 전차종④ 전방충돌방지장치가 장착되지 않은 상태로 출고,대면/TM/CM/PM,대인1/대인2/대물/자손/무보험/자차,3.8
357,차선이탈경고(방지)장치할인,KB손보,첨단안전장치장착 특별약관,▶ 다음의 조건 모두 해당하는 경우에 한하여 가입 가능① 차선이탈경고장치(LDWS) 또는 차선유지지원장치(LKAS)가 장착되지 않은 상태로 출고② 신차③ 전차종④ 전방충돌방지장치가 장착된 상태로 출고,대면/TM/CM/PM,대인1/대인2/대물/자손/무보험/자차,4.9
358,차선이탈경고(방지)장치할인,KB손보,첨단안전장치장착 특별약관,▶ 다음의 조건 모두 해당하는 경우에 한하여 가입 가능① 차선이탈경고장치(LDWS) 또는 차선유지지원장치(LKAS)가 장착되지 않은 상태로 출고② 신차 외③ 전차종④ 전방충돌방지장치가 장착된 상태로 출고,대면/TM/CM/PM,대인1/대인2/대물/자손/무보험/자차,3.8
359,차선이탈경고(방지)장치할인,DB손보,차선이탈 경고장치에 관한 특별약관,▶ 다음의 조건 모두 해당하는 경우에 한하여 가입 가능① 최초 출고 시 피보험자동차에 차선이탈 경고장치를 장착(기본/옵션)한 경우② 차령 : 전 차령③ 차종 : 전 차종④ 옵션 장착인 경우 차선이탈경고장치가 장착되어 있음을 확인할 수 있는 사진 제출⑤ 피보험자 연령 : 만34세 이하,대면/TM/CM/플랫폼,"대인1/대인2/대물/
자손/무보험",4
360,차선이탈경고(방지)장치할인,DB손보,차선이탈 경고장치에 관한 특별약관,▶ 다음의 조건 모두 해당하는 경우에 한하여 가입 가능① 최초 출고 시 피보험자동차에 차선이탈 경고장치를 장착(기본/옵션)한 경우② 차령 : 전 차령③ 차종 : 전 차종④ 옵션 장착인 경우 차선이탈경고장치가 장착되어 있음을 확인할 수 있는 사진 제출⑤ 피보험자 연령 : 만35세 ~ 만59세,대면/TM/CM/플랫폼,"대인1/대인2/대물/
자손/무보험",3.5
361,차선이탈경고(방지)장치할인,DB손보,차선이탈 경고장치에 관한 특별약관,▶ 다음의 조건 모두 해당하는 경우에 한하여 가입 가능① 최초 출고 시 피보험자동차에 차선이탈 경고장치를 장착(기본/옵션)한 경우② 차령 : 전 차령③ 차종 : 전 차종④ 옵션 장착인 경우 차선이탈경고장치가 장착되어 있음을 확인할 수 있는 사진 제출⑤ 피보험자 연령 : 만60세 이상,대면/TM/CM/플랫폼,"대인1/대인2/대물/
자손/무보험",1.8
362,차선이탈경고(방지)장치할인,DB손보,차선이탈 경고장치에 관한 특별약관,▶ 다음의 조건 모두 해당하는 경우에 한하여 가입 가능① 최초 출고 시 피보험자동차에 차선이탈 경고장치를 장착(기본/옵션)한 경우② 차령 : 전 차령③ 차종 : 전 차종④ 옵션 장착인 경우 차선이탈경고장치가 장착되어 있음을 확인할 수 있는 사진 제출⑤ 피보험자 연령 : 만34세 이하,대면/TM/CM/플랫폼,자차,1.5
363,차선이탈경고(방지)장치할인,DB손보,차선이탈 경고장치에 관한 특별약관,▶ 다음의 조건 모두 해당하는 경우에 한하여 가입 가능① 최초 출고 시 피보험자동차에 차선이탈 경고장치를 장착(기본/옵션)한 경우② 차령 : 전 차령③ 차종 : 전 차종④ 옵션 장착인 경우 차선이탈경고장치가 장착되어 있음을 확인할 수 있는 사진 제출⑤ 피보험자 연령 : 만35세 ~ 만59세,대면/TM/CM/플랫폼,자차,1.4
364,차선이탈경고(방지)장치할인,DB손보,차선이탈 경고장치에 관한 특별약관,▶ 다음의 조건 모두 해당하는 경우에 한하여 가입 가능① 최초 출고 시 피보험자동차에 차선이탈 경고장치를 장착(기본/옵션)한 경우② 차령 : 전 차령③ 차종 : 전 차종④ 옵션 장착인 경우 차선이탈경고장치가 장착되어 있음을 확인할 수 있는 사진 제출⑤ 피보험자 연령 : 만60세 이상,대면/TM/CM/플랫폼,자차,0.7
365,차선이탈경고(방지)장치할인,AXA손보,차선이탈 경고장치 할인 특별약관,"▶ 다음의 조건 모두 해당하는 경우에 한하여 가입 가능① 피보험자동차가 차선이탈 경고장치가 장착되어 최초 출고된 차량이고, 해당 장치가 청약일 현재 정상적으로 작동 가능한 상태인 경우② 차령 조건 : 전 차령③ 차종 조건 : 전 차종","TM, CM","대인1, 대인2, 대물, 자손, 무보험차상해, 자차",3.2
366,차선이탈경고(방지)장치할인,캐롯손해보험,차선이탈 방지장치 장착 할인 특별약관,▶ 다음의 조건 모두 해당하는 경우에 한하여 가입 가능① 차선이탈경고장치(LDWS) 또는 차선유지지원장치(LKAS)가 최초 출고 시 장착된 경우② 차령 조건: 전차령③ 차종 조건: 전차종,CM/PM,대인1/대인2/대물/자손/무보험,5
367,차선이탈경고(방지)장치할인,캐롯손해보험,차선이탈 방지장치 장착 할인 특별약관,▶ 다음의 조건 모두 해당하는 경우에 한하여 가입 가능① 차선이탈경고장치(LDWS) 또는 차선유지지원장치(LKAS)가 최초 출고 시 장착된 경우② 차령 조건: 전차령③ 차종 조건: 전차종,CM/PM,자차,3
368,고령자안전교육이수할인,메리츠화재,시니어 안전운전자 우대 특별약관,"▶ 다음의 조건 모두 해당하는 경우에 한하여 가입 가능① 기명피보험자가 만 65세 이상② 부부운전자 한정운전 또는 기명피보험자 1인 한정운전 특별약관 가입③ 도로교통공단에서 실시하는 만 65세 이상 고령운전자 대상 교통안전교육 과정을 이수하고 인지지각 검사에 경계선(42점)군 이상으로 합격하거나, ‘인지능력 자가진단’ 결과지의 ‘운전능력검사결과표’ 종합 판정이 1∼3등급인 경우 (단, 온라인으로 실시되는 고령운전자 교통안전교육은 결과지의 인지능력 자가진단 결과가 「수료」등급인 경우에도 가입 가능합니다.)",대면/TM,대인1/대인2/대물/자손/무보험/자차,5
369,고령자안전교육이수할인,메리츠화재,시니어 안전운전자 우대 특별약관,"▶ 다음의 조건 모두 해당하는 경우에 한하여 가입 가능① 기명피보험자가 만 65세 이상② 부부운전자 한정운전 또는 기명피보험자 1인 한정운전 특별약관 가입③ 도로교통공단에서 실시하는 만 65세 이상 고령운전자 대상 온라인으로 실시되는 고령운전자 교통안전교육을 이수하고, 인지능력 자가진단 결과가 「수료」등급인 경우",대면/TM,대인1/대인2/대물/자손/무보험/자차,3.6
370,고령자안전교육이수할인,한화손보,실버 안전운전자 우대 특별약관,"▶ 다음의 조건 모두 해당하는 경우에 한하여 가입① 기명피보험자가 만 65세이상② 부부운전자 한정운전 또는 기명피보험자1인 한정운전 특별약관 가입③ 도로교통공단에서 실시하는 만 65세 이상 고령운전자 대상 교통안전교육 과정을 이수하고 인지지각 검사에 경계선(42점)군 이상으로 합격하거나, ‘인지능력 자가진단’ 결과지의 ‘운전능력검사결과표’ 종합 판정이 1∼3등급인 경우","대면, TM","대인1, 대인2, 대물, 자손, 무보험차상해, 자차",5
371,고령자안전교육이수할인,한화손보,실버 안전운전자 우대 특별약관,▶ 다음의 조건 모두 해당하는 경우에 한하여 가입① 기명피보험자가 만 65세이상② 부부운전자 한정운전 또는 기명피보험자1인 한정운전 특별약관 가입③ 도로교통공단에서 실시하는 만 65세 이상 고령운전자 대상 온라인 교통안전교육 과정을 이수하고 ‘인지능력 자가진단’ 결과지의 ‘운전능력검사결과표’ 종합 판정이 '수료'인 경우,"대면, TM","대인1, 대인2, 대물, 자손, 무보험차상해, 자차",3.6
372,고령자안전교육이수할인,롯데손보,시니어(Senior) 교통안전교육이수 할인특별약관,"▶ 다음의 조건 모두 해당하는 경우에 한하여 가입 가능① 기명피보험자가 만65세이상② 부부운전자 한정운전 또는 기명피보험자1인 한정운전 특별약관 가입③ 도로교통공단에서 실시하는 만65세 이상 고령운전자 대상 교통안전교육 과정을 이수하고 인지지각 검사에 경계선(42점)군 이상으로 합격하거나, '인지능력자가진단'결과지의'운전능력검사결과표'종합 판정이 1~3등급인 경우",대면/TM/CM/PM,대인1/대인2/대물/자손/무보험/자차,5
373,고령자안전교육이수할인,롯데손보,시니어(Senior) 교통안전교육이수 할인특별약관,▶ 다음의 조건 모두 해당하는 경우에 한하여 가입 가능① 기명피보험자가 만65세이상② 부부운전자 한정운전 또는 기명피보험자1인 한정운전 특별약관 가입③ 도로교통공단에서 실시하는 만65세 이상 고령운전자 대상 온라인 교통안전교육 과정을 이수하고 '인지능력자가진단'결과지의'운전능력검사결과표'종합 판정이 '수료'인 경우,대면/TM/CM/PM,대인1/대인2/대물/자손/무보험/자차,3.6
374,고령자안전교육이수할인,MG손보,시니어 교통안전교육 이수자 할인 특별약관,"▶ 다음의 조건 모두 해당하는 경우에 한하여 가입 가능① 기명피보험자가 만65세이상② 부부운전자 한정운전 또는 기명피보험자1인 한정운전 특별약관 가입③ 도로교통공단에서 실시하는 만65세이상 고령운전자 대상 교통안전교육 과정을 이수하고 인지지각 검사에 경계선(42점)군이상으로 합격하거나, '인지능력자가진단'결과지의 '운전능력검사표' 종합판정이 1~3등급인 경우",대면/TM,대인1/대인2/대물/자손/무보험/자차,5
375,고령자안전교육이수할인,MG손보,시니어 교통안전교육 이수자 할인 특별약관,▶ 다음의 조건 모두 해당하는 경우에 한하여 가입 가능① 기명피보험자가 만65세이상② 부부운전자 한정운전 또는 기명피보험자1인 한정운전 특별약관 가입③ 도로교통공단에서 실시하는 만65세이상 고령운전자 대상 온라인 교통안전교육 과정을 이수하고 교통안전교육 수료증 발급시 '인지능력자가진단'결과지의 '운전능력검사표' 「수료」 등급인 경우,대면/TM,대인1/대인2/대물/자손/무보험/자차,3.6
376,고령자안전교육이수할인,흥국화재,시니어 교통안전교육 이수 할인 특별약관,▶ 다음의 조건 모두 해당하는 경우에 한하여 가입 가능① 기명피보험자가 만65세이상② 부부운전자 한정운전 또는 기명피보험자 1인한정운전 특별약관 가입③ 도로교통공단에서 실시하는 만65세이상 고령운전자 대상 오프라인 교통안전교육 과정을 이수하고 ‘인지능력자가진단’ 결과지의 ‘운전능력검사결과표’ 종합판정이 1∼3등급인 경우,대면/TM/CM/PM,대인1/대인2/대물/자손/무보험/자차,5
377,고령자안전교육이수할인,흥국화재,시니어 교통안전교육 이수 할인 특별약관,▶ 다음의 조건 모두 해당하는 경우에 한하여 가입 가능① 기명피보험자가 만65세이상② 부부운전자 한정운전 또는 기명피보험자 1인한정운전 특별약관 가입③ 도로교통공단에서 실시하는 만65세이상 고령운전자 대상 온라인 교통안전교육 과정을 이수하고 ‘인지능력자가진단’결과지의 ‘운전능력검사결과표’ 종합판정이 '수료'등급인 경우,대면/TM/CM/PM,대인1/대인2/대물/자손/무보험/자차,3.6
378,고령자안전교육이수할인,삼성화재,시니어 교통안전교육 이수자 우대 특별약관,"▶ 다음의 조건 모두 해당하는 경우에 한하여 가입 가능① 기명피보험자가 만 65세 이상② 부부운전자 한정운전 또는 기명피보험자 1인 한정운전 특별약관 가입③ 도로교통공단에서 실시하는 만 65세 이상 고령운전자 대상 교통안전교육 과정을 이수하고 인지지각 검사에 경계선(42점)군 이상으로 합격하거나, ‘인지능력 자가진단’ 결과지의 ‘운전능력검사결과표’ 종합 판정이 1∼3등급인 경우","대면, TM, CM, 플랫폼",대인1/대인2/대물/자손/무보험/자차,5
379,고령자안전교육이수할인,삼성화재,시니어 교통안전교육 이수자 우대 특별약관,▶ 다음의 조건 모두 해당하는 경우에 한하여 가입 가능① 기명피보험자가 만 65세 이상② 부부운전자 한정운전 또는 기명피보험자 1인 한정운전 특별약관 가입③ 도로교통공단에서 실시하는 만 65세 이상 고령운전자 대상 온라인 교통안전교육 과정을 이수하고 ‘인지능력 자가진단’ 결과지의 ‘운전능력검사결과표’ 종합 판정이 '수료'등급인 경우,"대면, TM, CM, 플랫폼",대인1/대인2/대물/자손/무보험/자차,3.6
380,고령자안전교육이수할인,현대해상,고령자 교통안전교육 이수 할인 특별약관,"▶ 다음의 조건 모두 해당하는 경우에 한하여 가입 가능① 기명피보험자가 만65세이상② 부부운전자 한정운전 또는 기명피보험자 1인한정운전 특별약관 가입③ 도로교통공단에서 실시하는 만65세이상 고령운전자 대상 온라인 교통안전교육 과정을 이수하고, '인지능력자가진단' 결과지의 '운전능력검사결과표' 종합 판정이 '수료' 등급인 경우",대면/TM/CM/플랫폼,대인1/대인2/대물/자손/무보험/자차,3.6
381,고령자안전교육이수할인,현대해상,고령자 교통안전교육 이수 할인 특별약관,"▶ 다음의 조건 모두 해당하는 경우에 한하여 가입 가능① 기명피보험자가 만65세이상② 부부운전자 한정운전 또는 기명피보험자 1인한정운전 특별약관 가입③ 도로교통공단에서 실시하는 만65세이상 고령운전자 대상 교통안전교육 과정을 이수하고, 인지지각 검사시 경계선(42점)군 이상으로 합격하거나, '인지능력자가진단' 결과지의 '운전능력검사결과표' 종합 판정이 1~3등급인 경우",대면/TM/CM/플랫폼,대인1/대인2/대물/자손/무보험/자차,5
382,고령자안전교육이수할인,KB손보,실버교통안전교육 이수 할인 특별약관,▶ 다음의 조건 모두 해당하는 경우에 한하여 가입 가능① 도로교통공단에서 시행하는 고령운전자 교통안전교육을 이수하고 인지능력 자가진단 결과 운전능력 진단등급이 1등급에서 3등급인 경우,대면/TM/CM/PM,대인1/대인2/대물/자손/무보험/자차,5
383,고령자안전교육이수할인,KB손보,실버교통안전교육 이수 할인 특별약관,▶ 다음의 조건 모두 해당하는 경우에 한하여 가입 가능① 도로교통공단에서 온라인으로 시행하는 고령운전자 교통안전교육을 이수하고 교통안전교육 수료증을 발급받은 경우,대면/TM/CM/PM,대인1/대인2/대물/자손/무보험/자차,3.6
384,고령자안전교육이수할인,DB손보,교통안전교육 실버우대 특별약관,▶ 다음의 조건 모두 해당하는 경우에 한하여 가입 가능① 기명피보험자가 만65세 이상② 부부운전자 한정운전 또는 기명피보험자 1인 한정운전 특별약관 가입③ 도로교통공단에서 실시하는 만65세 이상 고령운전자 대상 교통안전교육 과정을 이수하고 '인지능력 자가진단' 결과지의 '운전능력검사결과표' 종합판정이 1~3등급인 경우,대면/TM/CM/플랫폼,"대인1/대인2/대물/
자손/무보험/자차",5
385,고령자안전교육이수할인,DB손보,교통안전교육 실버우대 특별약관,▶ 다음의 조건 모두 해당하는 경우에 한하여 가입 가능① 기명피보험자가 만65세 이상② 부부운전자 한정운전 또는 기명피보험자 1인 한정운전 특별약관 가입③ 도로교통공단에서 온라인으로 실시하는 만65세 이상 고령운전자 대상 교통안전교육 과정을 이수하고 '인지능력 자가진단' 결과지의 '운전능력검사결과표' 종합판정이 '수료'등급인 경우,대면/TM/CM/플랫폼,"대인1/대인2/대물/
자손/무보험/자차",3.6
386,고령자안전교육이수할인,캐롯손해보험,고령자 교통안전 할인 특별약관,"▶ 다음의 조건 모두 해당하는 경우에 한하여 가입 가능① 기명피보험자가 만 65세 이상② 「기명피보험자 1인 한정운전 특별약관」 또는 「부부운전자 한정운전 특별약관」에 가입③ 도로교통공단에서 실시하는 만 65세 이상 고령운전자 대상 교통안전교육 과정을 이수하고 '운전 인지.지각 검사'에 경계선(42점)군 이상으로 합격하거나, '인지능력 자가진단' 결과지의 '운전능력검사결과표' 종합 판정이 1~3등급인 경우",CM/PM,대인1/대인2/대물/자손/무보험/자차,5
387,고령자안전교육이수할인,캐롯손해보험,고령자 교통안전 할인 특별약관,▶ 다음의 조건 모두 해당하는 경우에 한하여 가입 가능① 기명피보험자가 만 65세 이상② 「기명피보험자 1인 한정운전 특별약관」 또는 「부부운전자 한정운전 특별약관」에 가입③ 도로교통공단에서 실시하는 만 65세 이상 고령운전자 대상 온라인 교통안전교육 과정을 이수하고 '인지능력 자가진단' 결과지의 '운전능력검사결과표' 종합 판정이 '수료'등급인 경우,CM/PM,대인1/대인2/대물/자손/무보험/자차,3.6
388,서민(나눔)우대할인,메리츠화재,행복나눔 서민우대 할인 특별약관,"▶ 다음의 조건 ①~④ 중 하나에 해당하는 경우 가입 가능① 기명피보험자가 국민기초생활보장법 제2조에 의거한 기초생활수급자인 경우② 기명피보험자 또는 기명피보험자의 동거가족이 장애인복지법에 따른  장애인등록증 상 장애 정도가 ‘중증’인 경우 (2019. 6. 30. 이전 발급된 장애인등록증의 경우는 1~3급 장애인)가 아닐 경우 다음의 조건을 모두 충족하는 경우가. 기명피보험자의 나이가 가입시점 만 30세 이상나. 피보험자동차가 비사업용으로 배기량이 1,600cc 이하 승용자동차 이거나 1.5톤 이하의 화물자동차 (단, 기명피보험자가 소유한 자동차는 1대)다. 피보험자동차가 최초등록일로부터 5년 이상 경과라. 기명피보험자에게 만20세 미만의 부양자녀가 있을 것 (단, 기명보험자의 나이가 가입시점 만 65세 이상이고 기명피보험자 및 배우자의 합산 소득이 연 2,000만원 이하 경우는 제외)마. 기명피보험자 및 배우자의 합산 소득이 연 4,000만원 이하③ 기명피보험자 또는 기명피보험자의 동거가족이 장애인복지법에 따른  장애인등록증 상 장애 정도가 ‘중증’인 경우 (2019. 6. 30. 이전 발급된 장애인등록증의 경우는 1~3급 장애인)로서 다음의 조건을 모두 충족하는 경우가. 피보험자동차가 비사업용으로 배기량이 2,000cc 이하 승용자동차 이거나 1.5톤 이하의 화물자동차 (단, 기명피보험자가 소유한 자동차는 1대)나. 피보험자동차가 최초등록일로부터 5년 이상 경과다. 기명피보험자 및 배우자의 합산소득이 연 4,000만원 이하④ 기명피보험자 및 배우자의 합산 소득이 연 4,000만원 이하이면서, 피보험자동차가 장애인 운송용 휠체어 리프트나 슬로프가 설치되어 출고되거나 구조변경된 차량인 경우",대면,대인1/대인2/대물/자손/무보험/자차,8
389,서민(나눔)우대할인,메리츠화재,행복나눔 서민우대 할인 특별약관,(상동),TM/CM/PM,대인1/대인2/대물/자손/무보험/자차,4.8
390,서민(나눔)우대할인,한화손보,나눔 특별약관,(상동),대면,"대인1, 대인2, 대물, 자손, 무보험차상해, 자차",8
391,서민(나눔)우대할인,한화손보,다이렉트 나눔 특별약관,(상동),TM,"대인1, 대인2, 대물, 자손, 무보험차상해, 자차",5.1
392,서민(나눔)우대할인,롯데손보,희망나눔 특별약관,(상동),대면,대인1/대인2/대물/자손/무보험/자차,8
393,서민(나눔)우대할인,롯데손보,희망나눔 특별약관,(상동),TM/CM/PM,대인1/대인2/대물/자손/무보험/자차,3.1
394,서민(나눔)우대할인,MG손보,서민형 나눔 할인 특별약관,(상동),TM/CM,대인1,1.5
395,서민(나눔)우대할인,MG손보,서민형 나눔 할인 특별약관,(상동),TM/CM,대인2/대물/자손/무보험/자차,4.5
396,서민(나눔)우대할인,흥국화재,서민우대 할인 특별약관,(상동),대면,대인1/대인2/대물/자손/무보험/자차,8
397,서민(나눔)우대할인,흥국화재,서민우대 할인 특별약관,(상동),TM/CM/PM,대인1/대인2/대물/자손/무보험/자차,3.2
398,서민(나눔)우대할인,삼성화재,나눔 친서민 특별약관,상동,"TM, CM, 플랫폼",대인1/대인2/대물/자손/무보험/자차,3
399,서민(나눔)우대할인,삼성화재,나눔 친서민 특별약관,상동,대면,대인1/대인2/대물/자손/무보험/자차,8
400,서민(나눔)우대할인,현대해상,나눔 특별약관,(상동),대면,대인1/대인2/대물/자손/무보험/자차,8
401,서민(나눔)우대할인,현대해상,나눔 특별약관,(상동),대면,대인1/대인2/대물/자손/무보험/자차,8
402,서민(나눔)우대할인,현대해상,나눔 특별약관,(상동),대면,대인1/대인2/대물/자손/무보험/자차,8
403,서민(나눔)우대할인,현대해상,나눔 특별약관,(상동),TM,대인1/대인2/대물/자손/무보험/자차,4.5
404,서민(나눔)우대할인,현대해상,나눔 특별약관,(상동),TM,대인1/대인2/대물/자손/무보험/자차,4.5
405,서민(나눔)우대할인,현대해상,나눔 특별약관,(상동),TM,대인1/대인2/대물/자손/무보험/자차,4.5
406,서민(나눔)우대할인,현대해상,나눔 특별약관,(상동),CM/플랫폼,대인1/대인2/대물/자손/무보험/자차,2.8
407,서민(나눔)우대할인,현대해상,나눔 특별약관,(상동),CM/플랫폼,대인1/대인2/대물/자손/무보험/자차,2.8
408,서민(나눔)우대할인,현대해상,나눔 특별약관,(상동),CM/플랫폼,대인1/대인2/대물/자손/무보험/자차,2.8
409,서민(나눔)우대할인,KB손보,희망나눔자동차 특별약관,(상동),대면,대인1/대인2/대물/자손/무보험/자차,8
410,서민(나눔)우대할인,KB손보,희망나누기 특별약관,(상동),CM/PM,대인1/대인2/대물/자손/무보험/자차,1
411,서민(나눔)우대할인,DB손보,프로미하트(서민우대 보험료 할인) 특별약관,(상동),대면,"대인1/대인2/대물/
자손/무보험/자차",8
412,서민(나눔)우대할인,DB손보,프로미하트나눔(서민우대 보험료 할인) 특별약관,(상동),TM/CM/플랫폼,"대인2/대물/
자손/무보험/자차",5.4
413,서민(나눔)우대할인,DB손보,프로미하트나눔(서민우대 보험료 할인) 특별약관,(상동),TM/CM/플랫폼,대인1,3.4
414,서민(나눔)우대할인,AXA손보,나눔(서민우대) 특별약관,(상동),"TM, CM","대인1, 대인2, 대물, 자손, 무보험차상해, 자차",3.6
